user,rating,review,date,platform
Rahul Maity,5,good 👍,2026-05-15,Blinkit
Delicia Miranda,1,cancelled the order for 3rd time pathetic service .shows item is availabe later canelled the whole order for what? money paid through gpay money should be instantly refunded not to keep waiting for 3 days its a scam big scam.,2026-05-15,Blinkit
Anuradha Pandey,5,very good,2026-05-15,Blinkit
Shavez,4,the charges are unnecessary,2026-05-15,Blinkit
Govind Singh,5,good,2026-05-15,Blinkit
Suhani P,1,low service,2026-05-15,Blinkit
sushmita Kullu,5,very fast service,2026-05-15,Blinkit
Sakthi Priya,4,good 👍,2026-05-15,Blinkit
sheetal,5,good,2026-05-15,Blinkit
Ved N s,4,pretty good app but bad drivers have no sense of location,2026-05-15,Blinkit
Sunil Gupta,5,good,2026-05-15,Blinkit
Tirupati Patra,5,super,2026-05-15,Blinkit
KULBIR SINGH PANNU,5,"super quality ,best price Love you all",2026-05-15,Blinkit
Kiran Kamble,5,nice 👍🏻🙂,2026-05-15,Blinkit
Inder Parihar,5,excellent service,2026-05-15,Blinkit
shirish watwe,5,easy to use at affordable prices,2026-05-15,Blinkit
Parbati Nath,4,good service,2026-05-15,Blinkit
huma hussain,5,gud service under tim,2026-05-15,Blinkit
Kalyani Behera,5,very good,2026-05-15,Blinkit
Pradeep Kumar,4,good,2026-05-15,Blinkit
Dr. J. L. Rahangdale i want to track location,5,good and fast delivery,2026-05-15,Blinkit
Goutam Ashwani,1,"Hi, I received my food items packed together with a mosquito killer spray in the same package, which is already unsafe and unhygienic. On top of that, the spray packaging was slightly torn and the product also looked used/opened. This is very careless handling, especially when chemical products are packed with edible items. Even though I’m not asking for a refund or replacement, I want to seriously report this issue so it does not happen again with other customers. Please look into this.",2026-05-15,Blinkit
Shashikant Bhardwaj,5,ok,2026-05-15,Blinkit
Aman Singh,5,good experience online shopping,2026-05-15,Blinkit
Vinayak Mundaragi,5,good,2026-05-15,Blinkit
Rohit,5,good app for shopping,2026-05-15,Blinkit
Deepti Singh,5,nice,2026-05-15,Blinkit
Tanu Parmar,4,"I have ordered an item worth Rs 621 from Blinkit, which was of poor quality, so I have returned the item but I have not received my money back yet, please resolve my problem as soon as possible.",2026-05-15,Blinkit
Shrinivas Dubba,4,this order not packed,2026-05-15,Blinkit
Shiv prakash Dixit,5,veri nice,2026-05-15,Blinkit
Ammu rajesh Ammu rajesh,5,good app,2026-05-15,Blinkit
Sheena Kalra,1,poor service 😞,2026-05-15,Blinkit
Krishan Bhojgee,5,Great,2026-05-15,Blinkit
Alisha Jr.KG.G,1,horrible quality vegetables delivered at super fast speed. please don't buy vegetables from this app,2026-05-15,Blinkit
Manoj Singh,1,good,2026-05-15,Blinkit
Rajneesh Desai,5,this app is help full and convenient.i can order things that are hard to find in local markets. it helps save our time 😉,2026-05-15,Blinkit
Md Bari,5,very nice app i like it 👍🏻,2026-05-15,Blinkit
Tanuja,5,osum,2026-05-15,Blinkit
SAGAR BAJAD,3,good,2026-05-15,Blinkit
VEGDA ARCHNA,5,Thank u blinkit for your service in this summer,2026-05-15,Blinkit
Supriya Shrivastav,5,superb,2026-05-15,Blinkit
mythili sasi,5,good,2026-05-15,Blinkit
Atanu Sen,1,worth less app,2026-05-15,Blinkit
shally Mittl,5,it helps in problems,2026-05-15,Blinkit
versha Thakur,5,very useful,2026-05-15,Blinkit
Preeti Verma,5,"my first order, I m happy for fast delivery .. because I m in a emergency , and not go anywhere, blinkit delivers my order timely with no issues on searching address",2026-05-15,Blinkit
Ayaz Khan,2,but it was mentioned that there Will be no delivery charges for the first ten orders so why there delivery charges,2026-05-15,Blinkit
Ajay Sharma,5,good,2026-05-15,Blinkit
Jeevan Gowda,4,good,2026-05-15,Blinkit
Cunning Visha,5,fix the location issue sometimes the current location isn't right put a location pinning option,2026-05-15,Blinkit
Hashim Khan,1,"15 min ka time dikhate h .or order 30 min me aata h , worst service",2026-05-15,Blinkit
Vinod Patel,5,good.,2026-05-15,Blinkit
sudip roy,5,🫰❤️smoother,2026-05-15,Blinkit
Jayashree Angel,5,nice service,2026-05-15,Blinkit
Sapna Mishra,5,nice,2026-05-15,Blinkit
Asish As,5,nice,2026-05-15,Blinkit
Aditya Singh,5,Good app support 24x7,2026-05-15,Blinkit
Vikash Bhartiya,5,it is very best app to order something to get in 5 to 10 minutes and in emergency we want medicines so we can order from there to this is very best app I ever used from my side it is 5 on 5,2026-05-15,Blinkit
Aakash Siradhana,5,good,2026-05-15,Blinkit
Satender Kashyap,5,fast comon,2026-05-15,Blinkit
Bindu Bindu,3,ok ok,2026-05-15,Blinkit
Amarendu Srivastava,3,"At times, i can't even blink and they deliver.",2026-05-15,Blinkit
Narendra Bhatt,2,"Now you have started selling fake products and you keep mum on my complaint. All the details are already on your app with my complaint but you have simply ignored it. At times, you deliver fake products to earn more.",2026-05-15,Blinkit
Hardik Agrawal,5,nice,2026-05-15,Blinkit
Shrikant Sharma,5,quick delivery with best and fresh products,2026-05-15,Blinkit
Dileep Choudhary,5,blinkit is best ____ thanks 👍,2026-05-15,Blinkit
Manjeet Sehrawat,5,okay report,2026-05-15,Blinkit
Sandeep Kumar,5,very nice service,2026-05-15,Blinkit
Tanush Jethava,4,very nice app in 10 minutes deliver only use this app very nice app,2026-05-15,Blinkit
Chilukuru Niketh,5,Nice,2026-05-15,Blinkit
Manoj Damor,5,nery good aap,2026-05-15,Blinkit
Abu Taha,1,not bad,2026-05-15,Blinkit
Vidya tripathi,5,I was very happy with blink it,2026-05-15,Blinkit
Abdul Khadar,4,very good service,2026-05-15,Blinkit
Rajesh Kumar,5,"Blinkit is incredibly convenient and a massive time-saver for my daily needs. The lightning-fast delivery is a total mood maker, and knowing I can rely on them gives me true peace of mind. It’s more than just an app; it’s a genuine happiness and joy bringer that makes life so much smoother. Highly recommended for anyone looking to simplify their routine.",2026-05-15,Blinkit
Farah Bano,5,excellent,2026-05-15,Blinkit
Pratap Bhadana,5,good,2026-05-15,Blinkit
Nikita Singh,5,very good bahut achha ice cream tha,2026-05-15,Blinkit
Abhay Baghel,5,Delivery soo fast,2026-05-15,Blinkit
Sneha Ganghan,5,So far I have experienced that their service has improved and the delivery service is fast early on time.,2026-05-15,Blinkit
Reddy Prasad,5,super,2026-05-15,Blinkit
Ashok Kodavalli,5,Good app can order from anywhere to yours loved ones,2026-05-15,Blinkit
Pk Ji,5,good,2026-05-15,Blinkit
Yash Pende,5,☺️,2026-05-15,Blinkit
Umesaliha 0,1,items are missing nobody is help 😭,2026-05-15,Blinkit
Rajni Sidhu,4,gud job,2026-05-15,Blinkit
Malti Jatav,5,nice,2026-05-15,Blinkit
aakriti ranjan,5,🙂‍↕️🤌🏻,2026-05-15,Blinkit
Rishu Baman,5,nice process,2026-05-15,Blinkit
Pbx DɪsHᴀɴᴛ__001,5,good 😊,2026-05-15,Blinkit
LEVI LEVI,3,not bad,2026-05-15,Blinkit
Ravi Kagda,5,excellent,2026-05-15,Blinkit
Ravi Pratap,5,Good,2026-05-15,Blinkit
Ved Mitra,5,very good,2026-05-15,Blinkit
Mayushree Ghosh,5,best product,2026-05-15,Blinkit
Abhirup Thakur,5,Very easy process..,2026-05-15,Blinkit
Piyush Bisht,5,very very helpful App,2026-05-15,Blinkit
Firstcry Noonmati,5,good,2026-05-15,Blinkit
Himanshu Pandey 788,1,they are hiding cash on delivery option we have to find it,2026-05-15,Blinkit
Sharad Lakwal Sumit,5,good,2026-05-15,Blinkit
Pawan Srivastava,5,good 👍😊,2026-05-15,Blinkit
Abdul Jamal,5,amazing 😍,2026-05-15,Blinkit
Pallavi Parab,2,Good app but No cash on delivery option and to much Unnecessary high charges Ok I believe on your answer but why you don't allow cash on delivery option then about weather. Weather was nice on the day,2026-05-15,Blinkit
Poonam Rajput,5,bhot acha ap he very good,2026-05-15,Blinkit
amit mandal,3,good,2026-05-15,Blinkit
valmik mangela,5,Fast Delivery,2026-05-15,Blinkit
Print Top,5,good services,2026-05-15,Blinkit
Saud Shaikh,5,blinkit is good shop app thank you,2026-05-15,Blinkit
Divya sharma Divya,5,good,2026-05-15,Blinkit
Siddique Bagwan,3,the god service in blinkit,2026-05-15,Blinkit
Suman Devi,5,"it is my favourite shopping app and it give me only in 10 minutes I love this app and my favourite shopping app I never uninstall this app, (delete) ♥️♥️♥️♥️♥️♥️♥️",2026-05-15,Blinkit
Khs Shah,5,most needed and useful app very nice experience. print feature is best 😊,2026-05-15,Blinkit
Imtiyaz Ansari,5,very good work from blinkit thnxxx,2026-05-15,Blinkit
Payal Bansal,5,nice 👍,2026-05-15,Blinkit
Vibha Kumari,5,best aap,2026-05-15,Blinkit
Rizwan Abbas,4,good price,2026-05-15,Blinkit
Divya Mehra,5,bohut accha h❤,2026-05-15,Blinkit
Asifali Kerul,4,OK nice 👌,2026-05-15,Blinkit
chetans kumar,5,good work my society fzd,2026-05-15,Blinkit
Vanshika Thakur,3,customer help service is very bad,2026-05-15,Blinkit
SUPARNA SAHA,5,good,2026-05-15,Blinkit
pradeep chandra,5,good 👍🏼,2026-05-15,Blinkit
Rashid Sheikh,1,dely service,2026-05-15,Blinkit
Himanshu Yadav,5,better aap 💗💗🥰🥰🥰 l like this aap all delivery person are so better and good i like all delivery person 😉💯💯🥰💗💗,2026-05-15,Blinkit
Anu Das,5,good,2026-05-15,Blinkit
Afshanisar,5,wonderful service,2026-05-15,Blinkit
vivek yadav,5,perfect,2026-05-15,Blinkit
Raunak Patel,5,"nice for emergency,it can dilivery order in under 9 minutes 👍👍",2026-05-15,Blinkit
Dileep kushwaha,5,it's bestest for a last minute emergency,2026-05-15,Blinkit
Riza Reji,5,it's really good and has cash on delivery option,2026-05-15,Blinkit
Piyush Chawla,5,good,2026-05-15,Blinkit
Vikram Singh,5,nice,2026-05-15,Blinkit
Sarik,5,good,2026-05-15,Blinkit
CHAUHAN ABDUL QADIR,5,GOOD FOOD DEALER & VERY FAST WORK,2026-05-15,Blinkit
Dipshika Ghosh,5,very Good app,2026-05-15,Blinkit
I AM UJJAWAL RAJ KASHYAP,1,blinkit service best,2026-05-15,Blinkit
Heena Thacker,4,good,2026-05-15,Blinkit
pritam santra,5,Good job,2026-05-15,Blinkit
virender Kumar,3,very good,2026-05-15,Blinkit
Rihana Khan,5,nice my all item is good👍,2026-05-15,Blinkit
Ashawari Mehta,5,very fast delivery and delivery partner is kind🌟,2026-05-15,Blinkit
VENKAT NARAYANA,5,fast service,2026-05-15,Blinkit
Harshavarshan Pondari,5,super,2026-05-15,Blinkit
Shekar Gowda,5,very good app,2026-05-15,Blinkit
Shaik Azlan,4,it's great 👍,2026-05-15,Blinkit
Basavaraj Hosamani,5,super,2026-05-15,Blinkit
Pankaj Singh,4,its good sercice,2026-05-15,Blinkit
Vinod Rajpurohit,5,nice,2026-05-15,Blinkit
Vinita Yadav,2,my one order is missing and they not give refund or not do any thing 👿,2026-05-15,Blinkit
Neha Bhagat,5,amit duggal ko hi bhejna unki service bhut ashi h,2026-05-15,Blinkit
Maneesha Bain,1,from yesterday my app is showing that they can't accept my orders due to high demands fixx this ASAP......,2026-05-15,Blinkit
Preeti Soni,5,it is a very good platform,2026-05-15,Blinkit
Arpit shukla,5,good service on time 🤞,2026-05-15,Blinkit
Subi Wahidi,4,nyc app,2026-05-15,Blinkit
Avishkar Dewasi,5,super 👍🏻,2026-05-15,Blinkit
Kalahastri Jayanth,5,good,2026-05-15,Blinkit
Rajeshbabu Talla,5,offer good,2026-05-15,Blinkit
Neel Madhav,3,very expensive,2026-05-15,Blinkit
Pinki Soni,5,very good,2026-05-15,Blinkit
Rukhsar Khan,5,great experience,2026-05-15,Blinkit
kavita Goyal,1,these things are so expensive we were shock to know their quantity and it's real🪷🥲🤑🤑🤑🤑🤑🤑🤑🤑🤑🤑🤑🤑🤑🤑🤑🤑🤑🤑🤑🤑🤑🤑🤑🤑❣️🤑🤑🤑🤑🤑🤑🤑🤑🤑🤑🫡🤔🫡🤔🤔🤔🤔🤔🙃🙃🙃🙃🫠🫠🙃🫠🫠🙃🫠🙃🙃🤫🤫🤫🤫🤫🤫🤫🤫🤫🤫🤫🤫🤫🤫🤫🤫🤫🤫🤨🤨🤨🤨😱😱😱😱😱,2026-05-15,Blinkit
Divya Shree,5,reasonable price,2026-05-15,Blinkit
Arsh Grewal,5,vry gud service,2026-05-15,Blinkit
Beena Pandy,5,Thank you 😊,2026-05-15,Blinkit
Sachin Rajmandire,5,good,2026-05-15,Blinkit
Sheikh Sakir,4,good work,2026-05-15,Blinkit
Neeraj Sehrawat,5,Always on time except rainy days,2026-05-15,Blinkit
SARASWATI CHATTERJEE,5,very comfortable app. with any time delivery but the money extra taken us not good.,2026-05-15,Blinkit
micky narang,3,this app is great when you need some thing quick but the thing is that they do so much tax so I both like this app and don't like it,2026-05-15,Blinkit
Sweta Rajput,5,ok,2026-05-15,Blinkit
Azad Malik,5,ok,2026-05-15,Blinkit
Amit Gediya,5,v good,2026-05-15,Blinkit
Priya Upadhyay,5,very nice service,2026-05-15,Blinkit
Sonu Chachan,1,very hi rate,2026-05-15,Blinkit
Riyazuddin Shaikh,5,nice one,2026-05-15,Blinkit
Suraj Thakur,5,👍,2026-05-15,Blinkit
Jatin,5,"showing payment method not available for technical reasons from past 1 week terrible (how can I give order ID when I can't even place an order?) gave 5 stars issue now resolved ,Thanks !",2026-05-15,Blinkit
Safinaz Banu,5,super,2026-05-15,Blinkit
Sandhya Srinivas,5,love u blind kit,2026-05-15,Blinkit
Juwayria M,5,I gave u a 5 star can I get a discount coupon 😋🫰🤌🤌,2026-05-15,Blinkit
SANJU SINGH,4,you price some extra instamart don't,2026-05-15,Blinkit
Rose Mary,5,very good,2026-05-15,Blinkit
Satwik,1,worst experience order was delaye always than expected time,2026-05-15,Blinkit
Lalitha,5,blinkit app grocery items price low & quick delivery,2026-05-15,Blinkit
Aaliya Khan,5,Bestest app ever,2026-05-15,Blinkit
Sk Sajuddin,5,helpful,2026-05-15,Blinkit
mallika sinha,4,"chikoo showing on app is 4, delivered is 3 only",2026-05-15,Blinkit
Sisara Uttam,5,🙂,2026-05-15,Blinkit
M. KAMAR KHAN,5,good👍😊,2026-05-15,Blinkit
Prashant Dixit Karaoke With Me,5,Excellent,2026-05-15,Blinkit
Amit kumawat,5,very good 😊 8,2026-05-15,Blinkit
N.K. Sir,1,Zepto is 100 times better than blinkit. These blinkit people are so cheap that they don't trust its users. Blinkit don't allow COD most of the times. Plus they charge extra amount in name of handling charges. Zepto charges nothing extra and gives COD.,2026-05-15,Blinkit
ѵísհղմ յαվαժαs (Kannan),5,Awesome Experience 🥰,2026-05-15,Blinkit
Babusingh Babusingh,5,exlint,2026-05-15,Blinkit
Kiran Goswami,5,very good,2026-05-15,Blinkit
BISWAJIT CHOWDHURY,5,good,2026-05-15,Blinkit
Paddu Koram paddu,5,good,2026-05-15,Blinkit
Sumit Snaker,5,blinkit is the best option for emergency delivery,2026-05-15,Blinkit
Bhavesh Shelar,1,if anyhow they forget somethings in your order then leave it they won't respond and they wont refund your money so try swiggy or zepto in those cases,2026-05-15,Blinkit
Lavish Khurana,5,good,2026-05-15,Blinkit
Ajinkya Shinde,1,no option to cancel order once placed it showed 42 for hairband when I clicked place order it showed 108 out of nowhere and it just hapend company looted me even delivery partner tried to help by himself 😭 blinkit is the worst,2026-05-15,Blinkit
Shreya Mukherjee,5,Excellent,2026-05-15,Blinkit
Swapnamoy Ghosh,1,ui very bad,2026-05-15,Blinkit
Riyaz Khan,5,much better that others,2026-05-15,Blinkit
Rafiya Khan,1,late delivery,2026-05-15,Blinkit
Fazal Khan,5,veri nice,2026-05-15,Blinkit
Zainab Fatima,2,the app is best but they are not delivering on time . now in summer the blinkit is not available if it is available then the charges are high and there are not giving cod,2026-05-15,Blinkit
Rajib Roy,2,"Although the service is fast, the choice of products is less.",2026-05-15,Blinkit
Shrath Gs sharath,5,🥰,2026-05-15,Blinkit
Shahbaj Sheikh,1,wallet me paise hai phir kus buy nhi kr pa rha hun,2026-05-15,Blinkit
Rathlavath Sriram,5,good,2026-05-15,Blinkit
Rutuja Patil,1,I have ordered an electric kettle through blink it. After opening the box the kettle was used and burnt from inside. i have tried multiple times to replace it but customer care replied with we are not able to verify the issue. I suggest not to buy any electric appliances through this platform.,2026-05-15,Blinkit
Mohit Pandey,4,not always on time but yes very helpful..🫶🏻,2026-05-15,Blinkit
Atharv,3,order bhot late ata hai,2026-05-15,Blinkit
Caleb Joy menezes Menezes,3,was very fast but now is slower with its delivery,2026-05-15,Blinkit
KP singh,1,Worst service,2026-05-15,Blinkit
deepika sharma,5,Fast delivery the behaviour of delivery guy is good everything I need is avilable,2026-05-15,Blinkit
Surjan Yadav,5,good,2026-05-15,Blinkit
Ajayan Mr,5,good,2026-05-15,Blinkit
Dipti Patil,5,tya delivery within minutes which really helps in urgent situation...thanks blinkit,2026-05-15,Blinkit
Sumit Kumar,5,good 👍,2026-05-15,Blinkit
Shiv Oraon,5,fast delivery good job,2026-05-15,Blinkit
Avinash Ranjan,3,nice 👍,2026-05-15,Blinkit
Asha P,5,THE BEST SERVICE 🥰🥰🥰🥰,2026-05-15,Blinkit
Avijit Barik,5,nice,2026-05-15,Blinkit
Saraswati Gondhale,5,amezing,2026-05-15,Blinkit
Amit Sonkar,5,Nice,2026-05-15,Blinkit
Suresh Kumar s,5,Good.,2026-05-15,Blinkit
Priyanka Nath,5,really good,2026-05-15,Blinkit
Sima Singh,5,Super fast delivery,2026-05-15,Blinkit
Thejaswini P,5,let's see,2026-05-15,Blinkit
Golu Yadav,5,good 👍😊,2026-05-15,Blinkit
Govind Thakur,5,nice app hamein kahin jaane ki jarurat nahi padti,2026-05-15,Blinkit
Varun Thakur,3,good,2026-05-15,Blinkit
YW PHOTOGRAPHY,5,amazing,2026-05-15,Blinkit
mohammed abdul raheem,5,good,2026-05-15,Blinkit
chandan kumar,4,good,2026-05-15,Blinkit
priya p,5,good service,2026-05-15,Blinkit
6-B 7 diyan karia,4,offers are limited,2026-05-15,Blinkit
jhon kelvin,5,ontime,2026-05-15,Blinkit
Srinivas j Konkal,1,very poor app not only cash on deliver option needs improvement,2026-05-15,Blinkit
Kavyansh Badaya,5,nice,2026-05-15,Blinkit
Lava Lakshmi,5,హాయ్ good,2026-05-15,Blinkit
Renu Tripathi,5,Nice and timely delivery,2026-05-15,Blinkit
Adam Sardar,5,khub bhalo,2026-05-15,Blinkit
Saurabh Kumar,5,great service,2026-05-15,Blinkit
Sandeep Khatkar,1,item chor he delivery charges lene ke bad item miss karte he phir redelivery bhi nahi karte,2026-05-15,Blinkit
Chandra Bhan Singh,5,very good,2026-05-15,Blinkit
Kundan Kumawat,5,good,2026-05-15,Blinkit
Renuka Reddy,4,the delivery is good but the prices are high,2026-05-15,Blinkit
Aishwarya Dayal,1,"please check th item while receiving it , they shared some time expired product",2026-05-15,Blinkit
Kalpana Mandal,5,🥰,2026-05-15,Blinkit
Djysuraj Dj,5,good,2026-05-15,Blinkit
Prem Shankar,5,Very useful app Made the life easy,2026-05-15,Blinkit
Sk Ajhar,5,😊,2026-05-15,Blinkit
THRIPURARAMESHBOBY,5,simply excellent & committed promptness.,2026-05-15,Blinkit
Shivani Singh,5,very fast,2026-05-15,Blinkit
MALLAMA M,3,it dont provide cash on delivery and not available everywhere in city,2026-05-15,Blinkit
Mn Nidhmayank,4,Nice 👍,2026-05-15,Blinkit
Lokesh patil Patil,5,good,2026-05-15,Blinkit
RENU N Tiwari,5,Really fast dilevery,2026-05-15,Blinkit
Satyaveer Yadav,1,ऑर्डर आने में ज्यादा समय लग रहा है 10-15 मिनट अराइविंग टाइम बताते हैं उसके बाद में भी आधा घंटा लग गया,2026-05-15,Blinkit
Ritesh Kumar Singh,5,Nice but limited discount,2026-05-15,Blinkit
Jyoti Agrawal,5,good,2026-05-15,Blinkit
Mamta Jaswani,5,good,2026-05-15,Blinkit
Geeta Verma,5,The app is soo good my child Nead any thing for school any time if it's 10 o'clock or 11 Blinkit will deliver you 😀,2026-05-15,Blinkit
Pushpa Singh,5,bets delivery,2026-05-15,Blinkit
RAJIV GARG,5,best service,2026-05-15,Blinkit
GARIMA JOSHI,1,Always late in assigning delivery partner,2026-05-15,Blinkit
Lisa Biswas,5,very helpful,2026-05-15,Blinkit
Atul Shinde,5,fast service nice,2026-05-15,Blinkit
Rasheeqa Nashath,4,good 👍🏼,2026-05-15,Blinkit
Sameera Naaz,5,👍🏻👍🏻👍🏻👍🏻,2026-05-15,Blinkit
Malti,4,service is too Great 👍,2026-05-15,Blinkit
Siva Kumar Reddy,1,before order it shows Rs.100/- voucher automatically receive after completing the delivery in this order and in addition you will get one surprise offer by playing some worse game like hitting 3 balls in juggling method. but after completing the delivery there's no Rs.100/- voucher and given one worst offer that no one can use it in life time with that worst deal. worst type of marketing to develop your app.,2026-05-15,Blinkit
Ashish Raj official,5,best,2026-05-15,Blinkit
ashraf raza,5,nice working 😃,2026-05-15,Blinkit
Pokala siba Pokala siba,5,best app,2026-05-15,Blinkit
Vanniappan M,5,v. good,2026-05-15,Blinkit
Rajveer Chavan,3,good app,2026-05-15,Blinkit
kiran Gupta,5,good service,2026-05-15,Blinkit
Vandana Vandu,5,nice,2026-05-15,Blinkit
Appu Lucky,5,good,2026-05-15,Blinkit
Vidhya Devi,3,good app,2026-05-15,Blinkit
Uday Barua,5,delivery was so good and fast,2026-05-15,Blinkit
Varalakshmi jambu,5,very good,2026-05-15,Blinkit
Royalsk Ram,5,thank,2026-05-15,Blinkit
Neelambaram Karipalli,5,Nice experience,2026-05-15,Blinkit
Deepa Shree,1,"The delivery boy was so rude. And don't even give me a hand bag, I asked then he ignored he was so rude and taking in a disrespectful way.",2026-05-15,Blinkit
Suvasis Manna,5,nice,2026-05-15,Blinkit
Barath Bk,1,most of the time damaged products wrst experience,2026-05-15,Blinkit
ajai dhinakaran,5,good service 👍,2026-05-15,Blinkit
manjinder singh,5,excellent customer service,2026-05-15,Blinkit
Jyothi R Shetty,5,best chicken i trusted,2026-05-15,Blinkit
Chandra Prakash Soni,5,good,2026-05-15,Blinkit
Sunny Singh,5,good,2026-05-15,Blinkit
Paryanshu 379,2,delivery is very bad,2026-05-15,Blinkit
Laxmi Rajak,5,best ordering app,2026-05-15,Blinkit
Lalita suryawanshi,3,didn't get perfect item,2026-05-15,Blinkit
Laxman Kokate,1,"very bad service, already used product",2026-05-15,Blinkit
Fariha Irshad,5,very good app fast delivery,2026-05-15,Blinkit
sri ganeshayanamaha,5,it's truly helpful app ❤️,2026-05-15,Blinkit
Elumalai Elumalai,5,fastest delivery app,2026-05-15,Blinkit
Vishal Tiwari,5,mast,2026-05-15,Blinkit
Nanneti Sudha,4,nice,2026-05-15,Blinkit
Sukhbir Kaur,1,worst app ever,2026-05-15,Blinkit
ATUL singh,5,Good,2026-05-15,Blinkit
Jannat Sheakh,4,sooo good it works smoth like better but it doesn't has free delivery on evry products above 100 as it say but still very good app,2026-05-15,Blinkit
Priti Patel,5,it's really good soo good I get my items safely and urgently. 🫶🏻,2026-05-15,Blinkit
Anshu Rai,5,good app,2026-05-15,Blinkit
Kishor lahane,2,no fast delivery,2026-05-15,Blinkit
SadiqHussain Syed,2,poor services,2026-05-15,Blinkit
Mahesh Kanel,1,bahut mahanga w,2026-05-15,Blinkit
Praveen Praveen,5,super groceries in world,2026-05-15,Blinkit
Ram nath bhagat Ram nath,5,😊 good,2026-05-15,Blinkit
Princy Nautiyal,4,good,2026-05-15,Blinkit
Mraf 01,5,good 👍🏻,2026-05-15,Blinkit
DIVYA RAKSHIT,4,fast delivery nice ☺️ working,2026-05-15,Blinkit
sainath d,5,Good,2026-05-15,Blinkit
Jeet Arya,5,app is good,2026-05-15,Blinkit
Dd bhojak,2,high rate,2026-05-15,Blinkit
Imran Mansuri,1,overall it is nice but their inquiry issue and concerns are very bad,2026-05-15,Blinkit
VIPER TUBE,5,Amazing,2026-05-15,Blinkit
jamil imran,4,good,2026-05-15,Blinkit
manoj solanki,1,"total fraud app , I have loose my 25000 don't use it",2026-05-15,Blinkit
Ritika Sharma,4,delivery charge is very high but products quality is good,2026-05-15,Blinkit
Medi Angle Nursing Home Service,5,🙏🙏👍👍👍,2026-05-15,Blinkit
Vanaja Selvam,5,ITS VERY HELP FULL APP AND AND ALSO VERY GOOD,2026-05-15,Blinkit
jayesh ankush,1,can't connect with agent while order is out and not able to reach to delivery partner,2026-05-15,Blinkit
Priya Jadhav,5,good,2026-05-15,Blinkit
Akib Khan,5,nice,2026-05-15,Blinkit
Sumona Panja,4,Discount is low about other fast delivery.,2026-05-15,Blinkit
Premchand Rawat,4,Superb,2026-05-15,Blinkit
Dharmveer Thakur,5,good,2026-05-15,Blinkit
Rajesh Gupta,5,he was give best service,2026-05-15,Blinkit
Varsha Gupta,5,nice,2026-05-15,Blinkit
Naveen Yelemane,5,good,2026-05-15,Blinkit
Akshit Gurjar,5,good aap,2026-05-15,Blinkit
Manoj Singh,4,So you full for emergency situation,2026-05-15,Blinkit
Junaid Khan,5,good,2026-05-15,Blinkit
Aryan Sinha,4,very good 👍🏼😊😊,2026-05-15,Blinkit
Navjot Singh SINGH,1,bad blinkit 😡😡😡😡😡😡,2026-05-15,Blinkit
Vijay Jothi,5,Excellent 👍,2026-05-15,Blinkit
Divyam Saini,1,They don't give bag,2026-05-15,Blinkit
Apna RO Wala,1,"hopeless customer support, no assistance they only manipulate customers for replacing goods",2026-05-15,Blinkit
Abhishek Verma,5,mat hai bhai log ap bhi karo 😍,2026-05-15,Blinkit
Imran Ghanchi,5,👍👍👍nice,2026-05-15,Blinkit
Nick rana,5,riders are really great,2026-05-15,Blinkit
Peace of live V,2,i don't like experience. because delivery boy had no patience at all.,2026-05-15,Blinkit
Solanki Tarun,5,very nice app,2026-05-15,Blinkit
SANDEEP NAGAR,5,best service,2026-05-15,Blinkit
Harshit Kumar,3,one time order cancel and new cash on delivery of kar diya gaya tha mera isliye isko 3 story rating,2026-05-15,Blinkit
SHIVPRASAD MENDHEWAD,3,very good blinkit,2026-05-15,Blinkit
Naveen Sharma,4,excellent,2026-05-15,Blinkit
Who_am_i,4,good,2026-05-15,Blinkit
Indra I?,5,Unique aap very excellent work.,2026-05-15,Blinkit
Ramwati,5,fine,2026-05-15,Blinkit
Priya Ramesh,5,just wow wow wow wow wow 💓💝💝💝,2026-05-15,Blinkit
Pravin Rane,1,First time I ordered on blinkit but I m facing very bad experience,2026-05-15,Blinkit
Gouri Vishwakarma,1,I got my cold drinks hot even when it's mentioned that they are chill and I don't have anything to chill them myself,2026-05-15,Blinkit
Aakash Chotala,2,nice,2026-05-15,Blinkit
MUNNA KUMAR,5,best app,2026-05-15,Blinkit
manjusha shingate,5,good,2026-05-15,Blinkit
Dhanush Gm,5,good,2026-05-15,Blinkit
Riddima Yadav,5,Very good 😊😊,2026-05-15,Blinkit
Sheetal Singh,3,very less coupons,2026-05-15,Blinkit
Virat Thakur,5,ok,2026-05-15,Blinkit
ritesh More,5,this product is so nice,2026-05-15,Blinkit
manish jha,1,worst experience,2026-05-15,Blinkit
Albax hassan,5,nice,2026-05-15,Blinkit
vaisakh Nandhu,1,"Absolutely pathetic service from Blinkit. I paid extra for gift wrapping, and the order was delivered without any wrapping. What’s worse is the customer support response — instead of taking responsibility, they simply refunded the amount as a promo code and refused to provide a proper solution. If customers are paying for a service, at least deliver it. This feels completely unprofessional and misleading. Ruined the purpose of the gift and wasted my time dealing with careless support.",2026-05-15,Blinkit
Sumita Sarkar,5,very nice coperation,2026-05-15,Blinkit
Sumeet Shukla,5,good,2026-05-15,Blinkit
Swetha Kanduri,4,interesting but sometimes we face problems,2026-05-15,Blinkit
Vijay Vijay,5,good service 👍,2026-05-15,Blinkit
Govardhan Baghel,5,ok,2026-05-15,Blinkit
Badal Patra,5,good ❤️,2026-05-15,Blinkit
Anilgharat,3,I order a ice-cream but it is expired and they are not giving me refund.,2026-05-15,Blinkit
Janjerla Praneethkumar,5,Excellent good job,2026-05-15,Blinkit
Suhail Ahmad siddiqui,5,please come fast,2026-05-15,Blinkit
Swarna R,5,good,2026-05-15,Blinkit
Lala Singh,5,good,2026-05-15,Blinkit
ANKIT GUPTA,1,"Please stop your after support through agent as that is really frustrating and it just copy paste the same thing again and again, i ordered eggs which i want to return as theh are broken but getring a refund of 27 how that is being justified, if you are sending bad items that should not be customer responsibilty to gove you money for that",2026-05-15,Blinkit
Zahid Asghar,1,taking so much time,2026-05-15,Blinkit
Sagar,5,thanks for good services 🙏🙏,2026-05-15,Blinkit
SOMA DAS,5,nice,2026-05-15,Blinkit
Rajeev Sharma,5,good,2026-05-15,Blinkit
sai durga,5,fast delivery,2026-05-15,Blinkit
Lakshmi Gaddam,4,delivery charges are much,2026-05-15,Blinkit
Sky Metro,5,"Me gusta hacer la compra con Blinkit, en Este caloroso verano más, Maravillóso, Gracias )))",2026-05-15,Blinkit
Sidhant Patel,5,good,2026-05-15,Blinkit
Riya Bise,5,good,2026-05-15,Blinkit
Yadnesh Bihare,5,👍,2026-05-15,Blinkit
Nani Babu,4,okay,2026-05-15,Blinkit
JYOTSANA BHUPTA,5,great experience with blinkit,2026-05-15,Blinkit
krishna goswami,5,I think this is the best service and home delivery app. grateful 🥰,2026-05-15,Blinkit
Srinivas Prata,5,superb quality and timely service,2026-05-15,Blinkit
Saijal Saijal,5,I am happy 😊,2026-05-15,Blinkit
Ajit Kumar,5,supar,2026-05-15,Blinkit
Amirineni Damayanthi,5,Good,2026-05-15,Blinkit
constable SURYA PRAKASH VERMA,5,👌,2026-05-15,Blinkit
Sanskar Lohar,5,good service,2026-05-15,Blinkit
Harsh Yadav.,5,good hai ji,2026-05-15,Blinkit
Hacker God,5,Best delivery App,2026-05-15,Blinkit
Girja Tomar,5,very fast 🏃‍♀️,2026-05-15,Blinkit
Pritish Rockhead Science,4,"this is the second time in last 10 days orders are accepted, paid, person allotted, person at your door step but person never appears. Order gets cancelled, no calls no notifications yet cancellation charges deducted. Blinkit needs to gear up on communications",2026-05-15,Blinkit
Raj Singh,1,very bad service,2026-05-15,Blinkit
Ramachandran Gopalakrishnan,5,Experiencing the good service since a year in various places and satisfied with their services. Keep it up,2026-05-15,Blinkit
Aaina Khokhar,5,happy with delivery on time,2026-05-15,Blinkit
Sumant Tiwari,5,best,2026-05-15,Blinkit
Justin Edwin (Sivayogi),3,👍 good,2026-05-15,Blinkit
Almas Nagori,5,Great for long distance relationship 😊,2026-05-15,Blinkit
Sonu Gupta,5,good,2026-05-15,Blinkit
Swetha S,1,paper moulds are damaged,2026-05-15,Blinkit
Dilshan Mobin,1,Bad app in the world,2026-05-15,Blinkit
Sonia Sarang,4,good,2026-05-15,Blinkit
Fusion Op,5,Good 👍,2026-05-15,Blinkit
John Bhai,4,good,2026-05-15,Blinkit
Anchal Rana,5,good,2026-05-15,Blinkit
RamVin,1,I don't understand why all my payment options are disabled from last three months i don't know if it's a bug or somthing I'm trying to buy groceries from blinkit but it doesn't allow me nobody is fixing this from three months I'm using Oneplus 12R please fix it,2026-05-15,Blinkit
kush nakum,5,good 😊,2026-05-15,Blinkit
Anas Mv,5,Fast& Furious,2026-05-15,Blinkit
Arjun Dubey,1,worst experience ever I have placed an order and it was prepaid i have paid 462Rs and it was showing 16 minutes delivery 20 minute after also i couldn't recieve my order or help section is also not working worst customer experience!!!,2026-05-15,Blinkit
Rahul Kumar,2,भाइयों चार्जेस बहुत ज्यादा है और डिलिवरी बॉय को बहुत परेशान करते हैं ये मैनेजर,2026-05-15,Blinkit
Shriom Saini,5,nice 🙂,2026-05-15,Blinkit
Rajni Sharma,5,👍,2026-05-15,Blinkit
Ajay The Trader,5,nice,2026-05-15,Blinkit
Divyang Jaiswal,5,good experience,2026-05-15,Blinkit
Akash Gusain,5,excellent,2026-05-15,Blinkit
Aryan Aryan,5,nice,2026-05-15,Blinkit
Swati Soni,1,pathetic service in my area,2026-05-15,Blinkit
Amit Kumar,5,very good 👍,2026-05-15,Blinkit
Pratik Jaiswal,4,please add some snaks or food,2026-05-15,Blinkit
Kavita Devi,5,good,2026-05-15,Blinkit
BK Amrit Bhai,3,"I have not taken the facilities more then one time so I am not sure to give best feedback. If you facilitate us BKs at lowest or free delivery at future as we are worshipworthy souls serving the whole world as human beings, it will be your destiny creation for all the births on Earth. It is for old BKs only not for new atleast 02 years old is must. I will say all of them to order you if you support.",2026-05-15,Blinkit
PATEL RAYEES AHMED,5,Excellent,2026-05-15,Blinkit
Suraj Rathod,3,good,2026-05-15,Blinkit
Divya Vyas,5,nice applications,2026-05-15,Blinkit
Ajay Thakar,5,good experience,2026-05-15,Blinkit
Upadhye Dharam,5,it is very helpful aap,2026-05-15,Blinkit
Jinisha Parmar,1,cash payment issue more and more,2026-05-15,Blinkit
daghoria dimple,5,ok,2026-05-15,Blinkit
Vamsi Puttepu,5,good UI and good flow of app,2026-05-15,Blinkit
urvashi kalra,5,very nice service but why you charge 12 rs. instead of 5 rs.,2026-05-15,Blinkit
Nova Joseph,5,super,2026-05-15,Blinkit
Mujibar Rahaman,5,👍,2026-05-15,Blinkit
Niyati “Nidhi”,2,In the Blinkit my experience was all time very good but last time i ordered many things they gave one different about my order and not cancel order and delivery person behave is very bad. Blinkit disappointed me.,2026-05-15,Blinkit
Gaurav Kumar,5,good,2026-05-15,Blinkit
Mohit Tiwari,5,good 👍,2026-05-15,Blinkit
Aman Patel,5,very nice 👍,2026-05-15,Blinkit
Poonam Raghav,5,service is very good.,2026-05-15,Blinkit
Sudhakar N J,5,many things available,2026-05-15,Blinkit
Tapan Mukherji,5,Great service,2026-05-15,Blinkit
Aadhya Karthyayani,5,very impressive 👏 and professional keep it up guys all the best.,2026-05-15,Blinkit
Pragya Singh,1,my COD options is closed very bad experience in blinkit,2026-05-15,Blinkit
Badal Behera,5,Best shopping app,2026-05-15,Blinkit
Vicky Modi R,5,very nice,2026-05-15,Blinkit
Poonam Singh,3,best service,2026-05-15,Blinkit
Runa Roy,5,nice and helpful app,2026-05-15,Blinkit
Aarav Sinha,5,Best services,2026-05-15,Blinkit
Vineeta Upadhyay,4,it is best sometimes item is exchanged,2026-05-15,Blinkit
Rakesh Kalra,5,bahut jaldi hi delivered kar dete Hain timing se pahle thank u for blinkit ❣️❣️🤞🏻🤞🏻,2026-05-15,Blinkit
Raees Khan,4,its a good app I love it 😃😃,2026-05-15,Blinkit
Alpana Banerjee,1,very Conveyeante,2026-05-15,Blinkit
Reena R,5,ok,2026-05-15,Blinkit
Dr Farhat Sameen Shaikh,5,fast service thankx to blinkit,2026-05-15,Blinkit
VIJAY KUMAR,5,quick service providers,2026-05-15,Blinkit
Syedjabbar Syed,5,discount fast deliver and thank you,2026-05-15,Blinkit
hariom soni,5,nice,2026-05-15,Blinkit
Susmita Das,5,very helpful app ♥️,2026-05-15,Blinkit
Vinayak Sarin DBC,5,good,2026-05-15,Blinkit
sakina bengaliwala,1,always a problem with the order sometime missing iteam sometime wrong product sent,2026-05-15,Blinkit
nadeem ahmad,5,very good and fast service,2026-05-15,Blinkit
Jagdish Kumar,2,ok,2026-05-15,Blinkit
Naresh Shahani,2,Received Amul A2 Milk Expiry on 18- May Should be 5 day as mentioned if not 5 than atleast 4 days,2026-05-15,Blinkit
Jay Mahakal,5,marvelous,2026-05-15,Blinkit
alok SINGH,5,good,2026-05-15,Blinkit
Saurabh Thakur,5,best,2026-05-15,Blinkit
Javed Ather,1,money taken and order not confirmed,2026-05-15,Blinkit
Yasho Verdhan,5,"Excellent wide product line, super fast service. Delivery is safe and fresh.",2026-05-15,Blinkit
Pragati Thakare,5,good service,2026-05-15,Blinkit
Manisha Kendre,4,good service 👍,2026-05-15,Blinkit
Kunda Vernekar,5,very quick service. helpful for housewives specially,2026-05-15,Blinkit
Raju p,5,delivered within the time limit is impressed,2026-05-15,Blinkit
Aaravplayz_op Shrivastav,5,when your ordering something order from blinkit,2026-05-15,Blinkit
Saif Ali,1,mera order cancel kra diya manager ne mera 2017 rupe amount fasa hua h refund nh hua .. bole product nh hai order cancel kro around 20 mnt order wait krta rha kanpur shyam nagar blinkit store ki bt hai,2026-05-15,Blinkit
Mohammad Nissar786,4,good,2026-05-15,Blinkit
anuj mishra,2,GPS location problem arises all the time,2026-05-15,Blinkit
Sanjit Kumar,5,good 👍,2026-05-15,Blinkit
Savita Verma,5,best app,2026-05-15,Blinkit
Uday Ratnakar,5,best,2026-05-15,Blinkit
Md Shakir Salim,5,Lovely service,2026-05-15,Blinkit
Ranjita sonar,2,good,2026-05-15,Blinkit
Koduri Nagamani,5,good always as usual,2026-05-15,Blinkit
sonu jain,1,worst,2026-05-15,Blinkit
Tanisha Son,1,you take too much money than other apps,2026-05-15,Blinkit
Shivam Dubey,5,good performance,2026-05-15,Blinkit
Raghav verma Raghav verma,5,good service,2026-05-15,Blinkit
Khan 123,1,i got fraud by blinkit I have ordered perfume on blinkit and the delivery boy gave me the box without a perfume bottle only 1 perfume is there out of 4 and the one which I got doesn't have any fragrance liquid in the bottle so what is happening in the blinkit is it a method of online fraud,2026-05-15,Blinkit
Akash Kumar Rathore,2,"low discount discount product, and delevery boy is not come door",2026-05-15,Blinkit
SANCHIT GUPTA,1,the freebies are showing in Instamart on orders above 199 but I am not able to add any of them and this happens to me many times,2026-05-15,Swiggy
Satish Rathore,1,The worst app every time I login to my account it shows too many attempts even though I tried it after weeks and months it still shows too many attempts I am quitting this app now Good by,2026-05-15,Swiggy
Umesh Choudhary,5,gud,2026-05-15,Swiggy
Saniya Halder,5,nice,2026-05-15,Swiggy
Lalit Kumar Lilawat,1,not 🚫,2026-05-15,Swiggy
Ashu Kapurthala,4,good,2026-05-15,Swiggy
Katta Koti,5,Very accurate in timings to deliver sometimes.,2026-05-15,Swiggy
Yashodha Yash,1,because it's too much costly.,2026-05-15,Swiggy
sajit madiye,2,Nowadays Swiggy is not able to maintain the quality service for the customers. I really had a bad experience with my recent orders. I hope Swiggy will work on it and improve it.,2026-05-15,Swiggy
Karan. Kk,5,wow nice good 😊,2026-05-15,Swiggy
Sathish d v Sathish,5,Supar👌👌👌,2026-05-15,Swiggy
Nitesh Kumar,1,good service,2026-05-15,Swiggy
Yogee,5,nice,2026-05-15,Swiggy
Surya Nayak,4,super app,2026-05-15,Swiggy
Zamiya Idrisi,1,Maine prepaid cake order kra wrong flaver by mistake add ho gya maine Swiggy se order cancel Kiya to meri cancelling fee 100% cut Kiya or mujhe kuch bhi refund nhi mila This is so.. wrong 😠,2026-05-15,Swiggy
Jessika S John,2,very addictive,2026-05-15,Swiggy
A Gopal Gopal,5,good night,2026-05-15,Swiggy
Abhishek Sheth,5,great,2026-05-15,Swiggy
Muni Krishna,1,The worst service.,2026-05-15,Swiggy
Alkr Long,1,After more than 2 hours of undelivered food i cancelled my order and they deducted all the amount for cancellation fee. What a big scam customers don't get their food on time and if we cancel our money is also gone. the delivery man also did not answer any of my calls.,2026-05-15,Swiggy
Greycine Agency,1,"worst service, worst experience I have ever had, I ordered some thing got different item which is completely rigged, and when I ask them to return it they keep asking for wait wait and wait. I would rather choose zero star if possible. don't use this app.",2026-05-15,Swiggy
anjana anjana,5,best,2026-05-15,Swiggy
Chand Anwer khan,5,ok,2026-05-15,Swiggy
Mehvish Khan,4,I think vary helpful app,2026-05-15,Swiggy
Kethan Reddy,5,lanja pukula app,2026-05-15,Swiggy
Sales 1 WeComm,2,I am not able to understand why you guys have removed the Add UPI option? that process of payment was so seamless and easy. we as customers do not want to deal with setting up our bank in every other app. please bring the Add UPI option.,2026-05-15,Swiggy
MN KHAN,5,nice,2026-05-15,Swiggy
Vinod Vs,5,👍,2026-05-15,Swiggy
Paran Paul,5,good,2026-05-15,Swiggy
Jasdeep Kaur,1,Their service is getting worst by the day,2026-05-15,Swiggy
Deepak Chand,1,very poor delivery service.,2026-05-15,Swiggy
Rupali Lachoriye,1,waste Swiggy will not refund the money not delivered by the time also waste mean wasted,2026-05-15,Swiggy
Manish Chourisiya,4,good,2026-05-15,Swiggy
Prashant Meena,1,"If you order from this app, you will die of hunger for no reason.Delivery takes two to twohalf hours",2026-05-15,Swiggy
Pushpinder singh,5,very good App,2026-05-15,Swiggy
Raaj Ali,5,good,2026-05-15,Swiggy
Bandari venkatakrishna,5,wow,2026-05-15,Swiggy
『 90sbby 』,3,discount please if you give discount always i order i,2026-05-15,Swiggy
Achu Jakhar,4,gooood,2026-05-15,Swiggy
Mohammed Rahmath Ullah,1,"Horrible experience! They don't even care about your experience. I placed an order yesterday from KFC and they informed me after 10 minutes that item wasn't available to which I have to cancel. Today, I again placed an order which was supposed to be here in 55 minutes but got delayed by 25 minutes plus on top. There is 0 commitment and when I reach customer support, they don't care to respond. Since agent was not able to resolve my concern, she transferred me to the supervisor who left me",2026-05-15,Swiggy
Sadanand Hipparagi,5,it's a good application for food order thank you Swiggy,2026-05-15,Swiggy
Sudheer Kumar,5,thank you sir,2026-05-15,Swiggy
riya brar,5,super,2026-05-15,Swiggy
Anish Kumar,5,Nice Quick Service,2026-05-15,Swiggy
Khushi Ghavghave,5,owsom,2026-05-15,Swiggy
Mohit Sharma,1,this app does not have enough delevery partners always take too much time to deliver food,2026-05-15,Swiggy
Sudhanshu Ranjan,1,waste,2026-05-15,Swiggy
Janam Biral,5,aswm,2026-05-15,Swiggy
Dev Kirad,1,this is froud application zomato is best iska price or zomato ka price din raat ka farak h 0 ratting Swigg,2026-05-15,Swiggy
Rohith sunny,5,i likeed thiz one delivery,2026-05-15,Swiggy
Ujjwala Sathe,5,this is best app it's prices are also cheap i love this app thanks,2026-05-15,Swiggy
Bhagyashree Sahoo,1,worst app.. they currently cancelled my order and take the cancellation fee ..as my order fee,2026-05-15,Swiggy
Ashish kumar Gulshan,3,overcharge,2026-05-15,Swiggy
Shubhasmita Pradhan,5,👍👍,2026-05-15,Swiggy
Adnan Mansoori,5,good 😊,2026-05-15,Swiggy
Nandlal kumar,5,super appa,2026-05-15,Swiggy
Neelam Sharma,5,thank you 🙏,2026-05-15,Swiggy
Amit Meena,5,nice,2026-05-15,Swiggy
Ekta Yadav,5,love it,2026-05-15,Swiggy
Karthik Rongali,5,good,2026-05-15,Swiggy
Ram Raj,5,good app high heating but food partner evening delivery very nice,2026-05-15,Swiggy
hazel fernandes,1,it was showing me as 20 minutes it will reach but it took 1 hour Plus fot the delivery.... disappointed,2026-05-15,Swiggy
himani dewangan,1,Never order prepaid....worst policy... there's a limit to be disappointed it crossed that... I ordered seeing 20-25mins when I placed order it was showing 40 mins then couldn't cancel it there's no option to cancel...talked with agent they kept saying working on it...u cancelled my order didn't refund a single paisa.. didn't have option to cancel on time..shown different timings... missing items.. sending roti instead of naan...might I say fraud...this is very major issue... I'm so disappointed,2026-05-15,Swiggy
Vaasu Vaasu,4,good 👍😊,2026-05-15,Swiggy
Santhosh Lucky8,5,nice c,2026-05-15,Swiggy
Shubham,5,nice app,2026-05-15,Swiggy
kasak Chauhan,5,good work,2026-05-15,Swiggy
Vvikash Kumar,5,nice,2026-05-15,Swiggy
Sushil Vishwakarma,1,"I requested cancelling,they said nothing will be refunded. so I not to cancel but donate to those working on road for these neech . ye itne Gire huye hain order cancel kar diyaa, so they can't eat as well aur offcourse refund will be zero. I have removed you too. Now those who believe in curse come back just after a year if this company exists?",2026-05-15,Swiggy
Kiran Jena,1,This app is so unfair. They charge cancellation fee even if it's not your fault and their support system is more worse as they don't even pick calls or reply considering your situation,2026-05-15,Swiggy
Veeramalla Raghavendra,5,super,2026-05-15,Swiggy
Abishek Krishna,1,"its my bad experience swiggy is fraud application and in refund related we can talk agent they fastly closed the conversation and they tell wait for the 24-48 hours but no reason, hotel amount is too high is swiggy menu so you will report swiggy",2026-05-15,Swiggy
Zaki Anvaar,5,good,2026-05-15,Swiggy
Sunil Singh,5,nice,2026-05-15,Swiggy
Gudupali Anjaneyulu,5,good,2026-05-15,Swiggy
Siddharth Singh Chauhan Siddhu,5,yes it is definitely anice app qwick delevery and easy payments no fraud adds or no more if you want delicious food quickly it is best option for you,2026-05-15,Swiggy
Aniruddha Gaikwad,1,"worst experience ever, they have charged me cancellation fees even I didn't cancelled the order",2026-05-15,Swiggy
Ananda Vally,5,good Service,2026-05-15,Swiggy
Jitu Vanzara,5,very good,2026-05-15,Swiggy
Meera Singh,5,great,2026-05-15,Swiggy
Sai babu gade,5,super app,2026-05-15,Swiggy
sanjib saha,5,vary good 👍,2026-05-15,Swiggy
Sameer khan,5,good work service,2026-05-15,Swiggy
SIBASHISH BHANJA DEO,1,not so effective as in taste,2026-05-15,Swiggy
priyotosh singh,1,don't use Swiggy application no any support from Swiggy i will book order 14 may 2026 today 15 may 2026 still order not delivered and order active no contact support no chat support,2026-05-15,Swiggy
Ishika Singh,1,"Swiggy is the worst app, guys. Don’t order food from there. Basically, my sister ordered sweets, but one box of sweets never arrived and ₹400 got wasted. We asked for help from Swiggy support, and they told us to send an email. We mailed them more than 100 times, but till today we haven’t received any refund. On Mother’s Day, we ordered a cake and it arrived completely damaged. We complained about that too, but no help was provided and nothing happened.",2026-05-15,Swiggy
Pitte Swamy,5,fantastic,2026-05-15,Swiggy
Rajes Krysty,5,good,2026-05-15,Swiggy
Sunny raj,3,good,2026-05-15,Swiggy
Riya Sharma,1,"most worst experience , they charge whole amount for ca Cencellation",2026-05-15,Swiggy
Santhosh kumar Kumar,4,mm.. okay,2026-05-15,Swiggy
Chintan Patel,5,good service,2026-05-15,Swiggy
Nagaraju P,1,number one fraud app,2026-05-15,Swiggy
jayakumaraguruparan mariyappan,1,always telling wrong delivery time,2026-05-15,Swiggy
GOWRISHANKAR M,5,good,2026-05-15,Swiggy
Heep Sarao,5,good app,2026-05-15,Swiggy
Imtimenla Imchen,1,"useless swiggy, ordered nearly 2hrs ago and still preparing order, can't even delivery then why run the app, now not even letting me cancel",2026-05-15,Swiggy
Sakthivel,5,superb,2026-05-15,Swiggy
Shivani Chhabra,1,"This app is full of unconventional promises and expired products. The swiggy instamart is of worst experience, they do not have resolutions to expired item issues, damaged product and customer support facilities on time. Would not recommend this app for any service. Another feather to the hat, TOING by Swiggy, worst of their services. Even after 2 years my opinion for Swiggy is still same. A big Zero 0",2026-05-15,Swiggy
Herdeep Singh,4,amazing,2026-05-15,Swiggy
Jashuva Kotte,1,"worst food delivery app in the market, I suggest using any other food delivery app other than Swiggy. Always orders will be delayed and clubbed with multiple orders. please uninstall this app from mobile.",2026-05-15,Swiggy
Deepak Pandit,1,froud company,2026-05-15,Swiggy
Qwerrtyu Qqwerrty,4,🙏,2026-05-15,Swiggy
Ansh Jaiswal,5,great app,2026-05-15,Swiggy
Ashwini Gaikwad,4,nice food delivery app,2026-05-15,Swiggy
Sarah Fatima,3,my daughter like your dish curry,2026-05-15,Swiggy
Ramesh Venkatachalapillai,5,very nice 👌,2026-05-15,Swiggy
Rajeswari M,5,very super,2026-05-15,Swiggy
Thiagarajan K,1,"worst and pathetic service. degrading day by day. every other order is delayed. robbing the customer through innovative ideas and fees. but never bothered to deliver on time. will stop ordering from Swiggy immediately, to eat in a peace mind. Swiggy social, Stop spamming in the playstore review and instead work on the ground to improve the delivery. I already sent tons of emails. check and respond and action on the issues, instead of spamming here. worst.",2026-05-15,Swiggy
Vaishnavi Panchal,5,absolutely fantastic 😍,2026-05-15,Swiggy
Gaurav Singh,5,good,2026-05-15,Swiggy
Yogesh Saini,5,great 😃,2026-05-15,Swiggy
NADI PALLI NARAYANA RAO,5,super,2026-05-15,Swiggy
Alisha Saifi,3,average,2026-05-15,Swiggy
Amar S,1,"Refer Ticket no 27678401 ... As this is a serious safety issue and the delivery boy GOVINDA RAMAN consumed alcohol while coming for food delivery and made a deep humiliation by yelling at me in front of my house, I would like to know what action you have taken again him. Also I would like to know what action you have taken against UTKARSH who failed to take my complaint seriously and protecting a criminal. He refused to disclose the name of delivery boy saying it's against the policy of swiggy.",2026-05-15,Swiggy
Rakesh Kumar,5,good,2026-05-15,Swiggy
Pramod Kumar Gupta,5,initially got a problem.,2026-05-15,Swiggy
Jay Surnila,1,Order is placed as BOLT ordered that is supposed to be delivered in 15 minutes but my ordered arrived much later. It showed 40 minutes and I asked Swiggy to cancel my order and they said 100% cancellation fee. This is utter frustrating and cheating the customers.,2026-05-15,Swiggy
Harsh deep,1,over priced,2026-05-15,Swiggy
Preeti Meena,1,this platform is not good in terms of refund when food is totally wrongly baked and burnt and when customer didn't satisfied with his order is tried very hard to get some compensation regarding my previous stale food but it didn't work i got nothing 😑,2026-05-15,Swiggy
Sunita Sunita,5,very 😔,2026-05-15,Swiggy
Ashish gaur 777,5,good,2026-05-15,Swiggy
Aamir Ayoub,5,best food delivery app..❤️,2026-05-15,Swiggy
anna george,5,great,2026-05-15,Swiggy
Satyam Urlapu,5,nice,2026-05-15,Swiggy
Vikash Kumar,5,Mere se pse jada liy h,2026-05-15,Swiggy
Sakthivel,5,satisfy price,2026-05-15,Swiggy
imran salmani,5,best prize,2026-05-15,Swiggy
Bagish Singh,1,"frolic misuse of the notification stream function, they're vaguely defined and advertising is delivered through general notifications. I cannot turn off the advertising and only keep the order notifications without one or the other, dark pattern design galore.",2026-05-15,Swiggy
sri lekha,1,"The worst app ever!such a fraud.! I knew that Swiggy used to be good before, but now, I have faced a lot of issues with these guys.! at Instamart I have ordered many groceries at a tym & all the eggs were broken & we also got broken basmati rice too.The vegetables were rotten & smelled too bad.! later when ordered food I haven't received the whole items & when complained they spoke very rude & despite of calling many times they never responded! writting this coz I faced the issue for nth time.",2026-05-15,Swiggy
Krishna aanjana,5,Jay shree ram,2026-05-15,Swiggy
Krishna Kant,1,I get fraud by delivery boy and they are just saying write email...it's ur fault not my responsibility..why u not use otp based service,2026-05-15,Swiggy
Mukund Deshpande,5,"Convenient, fast service.",2026-05-15,Swiggy
Sneha Nikam,2,food delivery very late,2026-05-15,Swiggy
AADITYA DHAR,5,very good,2026-05-15,Swiggy
JRam Bujji9,5,increase offers on every order please,2026-05-15,Swiggy
R.PUSHPARAJ PUSHPARAJ,4,Good,2026-05-15,Swiggy
OP Gaming,1,Very Very Bad Response For Swiggy Customer Service And Very Bad Response For Swiggy Food Delivery Agent And Iam Was Order Family Pack Biryani And Waiting For Delivery partner 2 Hour And Not Respond In Delivery partner And Not Answering Phone Call Then I Will Complaint In Swiggy Customer care That Also Not Properly Solve In My Problem Then Was Very Bad This Not First time This Is 4th Time This My Issue Same Will Take Unnecessary Response For Swiggy Customer Service,2026-05-15,Swiggy
Sujal Uttekar,4,not get discounts,2026-05-15,Swiggy
V Shiva,5,excellent,2026-05-15,Swiggy
sv srikanth,1,too much delivery and gst charges,2026-05-15,Swiggy
rams goud,4,user-friendly and safe app .,2026-05-15,Swiggy
Rocky Rajput,5,super,2026-05-15,Swiggy
Lovely Lovely sai,5,super ❤️,2026-05-15,Swiggy
veena rk,2,delivery person not willing to deliver.. . lot of charge .. higher comparatively..delayed delivery .. we hv to do customer support work of informing them to process d delivery. what's with the severe delay every order n why as a customer we have to do the customer service job to track n update customer care to check if it's going smoothly or need a person to be assigned to pick up etc ..! why do we have this customer service at all .. kindly speeden d process n help being professional..,2026-05-15,Swiggy
Shankar Shanu,5,good,2026-05-15,Swiggy
ARUN PRAJAPAT,5,Good 👍,2026-05-15,Swiggy
Gtmn,1,no offers ...,2026-05-15,Swiggy
Jyoti Kulariya,5,good👍,2026-05-15,Swiggy
Ranjan Kumar,1,Very disturbed app don't use this customer service 😞,2026-05-15,Swiggy
Ranjit Sharma,5,good work,2026-05-15,Swiggy
Mayur Chakraborty,1,এরা খুব বাজে আছে ৩৫০ টাকার মালটা সাড়ে ৬০০ টাকা দেখাচ্ছে ডবল প্রাইস এদেরকে এক্ষুনি ব্যান করা উচিত,2026-05-15,Swiggy
Tiwari Ji,1,after corona this is giving me reason to avoid this app Now the gst included platform fee feels bad taking rest from all this food app now trying local market see you soon,2026-05-15,Swiggy
Gowri Elango,4,good,2026-05-15,Swiggy
Anshu Gehlot,5,ok,2026-05-15,Swiggy
AMARDEEP SHAW,5,nice,2026-05-15,Swiggy
deepak ahire,3,good food app,2026-05-15,Swiggy
Pradeep Aagaman,5,good service,2026-05-15,Swiggy
Harsh Gautam,5,Nice experience. Delivery on time.,2026-05-15,Swiggy
Siddharthkattimane Siddharthkattimane,5,super,2026-05-15,Swiggy
Siddhant Agrawal,1,there is no option cancellation zomato better,2026-05-15,Swiggy
Simran Tailor,5,👍,2026-05-15,Swiggy
Karan Johar,5,pizza,2026-05-15,Swiggy
sweta padhi,5,you are very fast good job,2026-05-15,Swiggy
Laxman Ankute,4,nice service,2026-05-15,Swiggy
Rohit Pawar,1,fake offeres available,2026-05-15,Swiggy
Debajyoti Nath,1,"Swiggy is the worst service provider. Customer Care do not even care , whether order is delivered or not . Swiggy customer care do not even talk properly",2026-05-15,Swiggy
Prasannakumar Dandgala,5,good 👍,2026-05-15,Swiggy
Haridoss chokkalingam Chokkalingam,5,nothing it's good conscept . everyybody like it good and thank you,2026-05-15,Swiggy
Sidra Pathan,1,"This application has started doing fraud , refund doesn't get initiated neither the items are in place , 1 or the other things comes across missing and if No1 notices then the benefits go to Swiggy insta indirectly. And the customer support doesn't even assist the way it should they'll add someone else to handle and everyone wants to know the details from the start which has been already explained , kindly start checking your orders they make a fool out of you in bulk orders & every time.",2026-05-15,Swiggy
MOHIT KUMAR,3,nice ☺️,2026-05-15,Swiggy
Irfan Ali,5,very good,2026-05-15,Swiggy
Vishnu yogi Saradhana,5,good 👍,2026-05-15,Swiggy
Mukesh Kumer,5,nice,2026-05-15,Swiggy
Pradeep S.M,1,Best,2026-05-15,Swiggy
Anannya Kadam,5,awesome app for online food ordering 👍,2026-05-15,Swiggy
veera katpitia,5,love the Swiggy dineout,2026-05-15,Swiggy
anvesh vemula,1,Not at all satisfied with the service. Previous experience on Instamart and this order experience was worst of Swiggy. Delay in delivery - melting of ice cream and leaky the entire parcel and burger was cold enough to eat. Swiggy don't follow customer time and ethics. Disgusting Swiggy.,2026-05-15,Swiggy
Jitu Dadar Boy,5,good,2026-05-15,Swiggy
gulshan Jhinjore,5,kya baat kya baat kya baat,2026-05-15,Swiggy
Gurvinder Singh,3,good,2026-05-15,Swiggy
Urvashi Sahni,1,"I placed an order with Swiggy a few days ago. By mistake, two items were ordered instead of one. Consequently, I cancelled the order within 2 to 4 minutes. However, they deducted the entire amount in accordance with their cancellation policy which I believe is unfair and I did not receive a single penny as a refund. My only mistake was that I was in a rush to leave the house; due to the mix-up where two items were ordered instead of one, I simply did not have the time to read through their exten",2026-05-15,Swiggy
pooja Rohilla,1,not able to cancel order very bad service,2026-05-15,Swiggy
Gunja Kumari,2,Best food,2026-05-15,Swiggy
Samay lala,5,loda,2026-05-15,Swiggy
S H,5,"best for ordering food, but sometimes it is too late for delivery partner to be added",2026-05-15,Swiggy
Uday Tony,5,nice,2026-05-15,Swiggy
Aabir 081995,1,"extremely disappointed with orders as they donot give any buffer time to cancel an order placed by mistake within 1 minute of placing it. further when connected to help, a dumb robot insists you to keep the order active, and then after sometime it rejects refunds. Further on emailing them you donot receive any response from the swiggy social team. I have been using swiggy for a long time now, but didn't expect the service to degrade this much!",2026-05-15,Swiggy
sazim ambali,5,excellent,2026-05-15,Swiggy
Rupesh Panwar,5,ok happy service,2026-05-15,Swiggy
Shebi Shebina,5,👍,2026-05-15,Swiggy
Sai Kiran,4,good,2026-05-15,Swiggy
Anumeha Singh,1,worst experience zomato is far better in providing the customer support,2026-05-15,Swiggy
Mamta Jha,1,I ordered for the first time on my son's birthday and paid for 1kg of truffle cake . but they sent me a 500gm cheap cake which in near market will cost 200 max and it was broken from every side.i raised a query and nothing happened. We didn't cut the cake as it was looking very cheap and unhigenic. You can't call them . they are just lootera and didn't even resolve the problem. May u guys suffer tooo.,2026-05-15,Swiggy
Shivam Kaushik,5,always good 👍,2026-05-15,Swiggy
Md Shahabu Alam,4,nice swiggy aap,2026-05-15,Swiggy
Rudra,1,"I placed an order by mistake and realized it within seconds. I hit the cancel button immediately (hardly took 60 seconds), but Swiggy refused to cancel it properly. The most ridiculous part? They are offering ZERO refund on a ₹132 payment. How can a company claim 100% cancellation charges within 1 minute of ordering? This is pure exploitation and a scam. I have been trying to reach support, but they are useless. If this is not resolved, I will definitely take this to the Consumer Forum.🤬🤬🤬",2026-05-15,Swiggy
manesh jiandani,5,good service,2026-05-15,Swiggy
SUMIT KUMAR,4,best,2026-05-15,Swiggy
Kshitij Joshi,1,"Exploitative tactics, extremely bad return / cancellation policies, this app is out to extract as much money out of you as they can.",2026-05-15,Swiggy
RIMPA SAHA,5,good,2026-05-15,Swiggy
Abhijit Dutta,4,good app,2026-05-15,Swiggy
Archana Kumari,1,Its not happened as sometimes food are terrible and sometimes food are replaced with wrong item and customer services is terrible . Today I have ordered again as sometimes it's good thats why still take risk . But still again wrong order . So I am deleting Swiggy even I have the subscription because adjustment cannot always happened when we are paying .,2026-05-15,Swiggy
Abhishek Gupta,5,good,2026-05-15,Swiggy
Yogesh Saini,1,i reviewed becouse very frustrated for Swiggy logo k paiso ko paisa ni samjhte jai log,2026-05-15,Swiggy
Azam Khan,5,50% offer first time visit order .. amazing,2026-05-15,Swiggy
Dr. Shyam SS,1,"fraud, don't order this app",2026-05-15,Swiggy
Jack James,1,customer care sucks and zomato is better than this,2026-05-15,Swiggy
Sendhabhai Desai,1,worst app ever,2026-05-15,Swiggy
Abubakar Gaming,5,awesome,2026-05-15,Swiggy
Nakshatra Vanam Gardens,1,worst application looting people's money,2026-05-15,Swiggy
Vikash Yadav,5,good,2026-05-15,Swiggy
Manoranjan Moktan,1,"Extremely disappointing customer service. After waiting nearly 40 minutes for the order, I received a call saying the food was unavailable. This should have been informed immediately instead of making customers wait unnecessarily. The worst part is, there’s not even a proper way to raise a complaint anywhere in the app.",2026-05-15,Swiggy
Angad Singh Bhatty,1,"restaurants are cheating and looting Customers by posting incorrect charges, when reported, Swiggy is only connecting with chat bots, with zero results.",2026-05-15,Swiggy
Sridhar kancharla,1,horrible service..,2026-05-15,Swiggy
sahil khan,5,nice aap,2026-05-15,Swiggy
Chintu,5,this is best who has to do cash on delivery on his first order,2026-05-15,Swiggy
Ajju Ansari,5,Nice,2026-05-15,Swiggy
Aadesh Tandon,3,good,2026-05-15,Swiggy
iFarhan,1,"blood sucking owners, Eating all the money from small scale restaurants.... pls uninstall and boycott. Zomato is much more better. screw you Swiggy.",2026-05-15,Swiggy
Rehan Taj,5,Goog,2026-05-15,Swiggy
Sumit Das,5,Nice,2026-05-15,Swiggy
Jahir Khan,5,very great service and instant solution.,2026-05-15,Swiggy
Amair Sohail,1,worst service,2026-05-15,Swiggy
World Gamer,5,superb and best 😍,2026-05-15,Swiggy
Sk Jaipuri,1,bad information for cash back notification I don't like this app 👎,2026-05-15,Swiggy
santhiya sandy,1,worst customer service....i would give 0 if possible,2026-05-15,Swiggy
beeram kondareddy,1,what's going on my account no rejected my profile but showing so many orders u rejected u see my profile but Swiggy staff playing with me Ongole zone,2026-05-15,Swiggy
Rohit Shukla,5,best of swiggy,2026-05-15,Swiggy
Danish Shiekh,5,nice,2026-05-15,Swiggy
Vinay,1,asking for a review at the wrong time.... from the last 20 mins this is showing 3 min...,2026-05-15,Swiggy
Arup Paul,5,👍👍,2026-05-15,Swiggy
Nandu Aakhade,1,verry bad experience with Swiggy i ordered chiken tikka biryani and restaurant send me only plain boiled rice with 2 chiken pice i spent my 300rs there and Swiggy customer support services also not replying,2026-05-15,Swiggy
Vikas mathur,4,nice one,2026-05-15,Swiggy
Shubham Rawat,5,nice 🤗,2026-05-15,Swiggy
Kumar001,1,420 app,2026-05-15,Swiggy
Saroj Sahoo,5,👍,2026-05-15,Swiggy
Muthu Kumar,5,good,2026-05-15,Swiggy
Bobby Shakya,5,👍,2026-05-15,Swiggy
Vahid Baig,5,nice,2026-05-15,Swiggy
Mosam Kumar,4,Nice ♥️,2026-05-15,Swiggy
Farhan khan,5,😇😇,2026-05-15,Swiggy
Preety Chouhan,1,bekar hai 2 bar hua aisa order ki delivery partner milta he nai fir kab tak wait kare khud Jake laana pada order cancel karke bekar platform hai ye 3rd class raat ko 1 baje kaha jaye lene order,2026-05-15,Swiggy
Daksh Kothiwal,1,"I had ordered a tikki burger and the veg parcel which had the uncooked burger inside it came completely raw and the filling inside it was not even cooked, it was a very cold burger as if it was taken out from the fridge. very bad experience even the staff was also very bad i recommend you to never use this for food they don't even deserve 1 star",2026-05-15,Swiggy
Akash Yadav,5,best,2026-05-15,Swiggy
vinod parmar,5,very good,2026-05-15,Swiggy
Gopakumar V.K,1,"Pathetic experiences one after another. Not delivering entire order, delivering only partial order, delayed delivery and stupid resolutions from support team. Its awful always from last 6 to 8 months. Please use any other apps for promptness in support and delivery. Finishing the relationship started from 2017",2026-05-15,Swiggy
Sunil tr Sunil,5,👍,2026-05-15,Swiggy
Sreenivas J,1,The worst delivery App and Monopoly in Hyderabad.... The night deliveries are really a nightmare and customer support team is no use else no sense.... you need to starve with hunger and still the other will not be delivered. Swiggy cannot assign a delivery partner on time and if you would like to cancel the order they charge you for cancellation juss because they weren't able to assign a delivery partner. Instead of Swiggy should have been renamed as Super Delay Food App,2026-05-15,Swiggy
Chokkala Santhosh Official,5,good,2026-05-15,Swiggy
Aneesa,1,pay on delivery not available,2026-05-15,Swiggy
Kuldeep Singh,5,good,2026-05-15,Swiggy
Varun Suman,1,this is the worst app ever... full of frauds,2026-05-15,Swiggy
Vivek Jambhore,1,very baad service of swiggy and they don't let us speak to the constiner care they only know to take momey and cheat people,2026-05-15,Swiggy
Umesh Chhinwal,1,"Swiggy is the worst platform for ordering food. They take an excessive amount of time to deliver meals, and their delivery personnel often fail to deliver the orders at all. I have had this experience on 4–5 separate occasions. Even the customer care representatives tend to side with the delivery personnel. Today, immediately upon returning home from work, I placed an order at 10:15 PM. The Swiggy application indicated an estimated delivery time of 35–40 minutes. However, by 12:00 AM—midnight—",2026-05-14,Swiggy
Anirudh Gupta,1,"This is a fraud organization. they take our money, promise something and intentionally do not deliverybthe services that they promise they will deliver",2026-05-14,Swiggy
Akhilesh Gupta,4,super,2026-05-14,Swiggy
Bhargavarao Podapati,1,Nowadays handling customers is very for Swiggy employees by saying sorry instead of resolving the issue. this Is the last I am ordering from swigg. and there is huge difference in price between restaurant and Swiggy prices. By taking that high amount of commission Swiggy is not working with transparene and honesty. I gave 1 rating because that is the least and no other least stars available.,2026-05-14,Swiggy
Reejan Babu,4,Super 😍,2026-05-14,Swiggy
Abith Pv,5,good,2026-05-14,Swiggy
Sai Priya,1,this is a worst application and it's fraudulent these guys are cheating customers with their delivery service and customer service. never install or order from this application,2026-05-14,Swiggy
MD saqlain Saqlain,5,nice,2026-05-14,Swiggy
swapnil dube,5,best,2026-05-14,Swiggy
Bhanu bhavani,5,good public sravre,2026-05-14,Swiggy
monica mary,1,I had ordered worth 816.00/-frm naintara estd time for order was 54 min immediately i opted to cancel and no direct option to cancel as other apps does.instead wasting my time connected to AI and cancel the order while I was still enquiring the charges for cancellation all happened at 8:46 only ..their timer has special settings which never match the ISTtime. to my suprise full amount was Deducted in fraction of min.called the CC hanged up can't assit. wrote to support services failure note .,2026-05-14,Swiggy
Mayank Choudhary,5,best food app,2026-05-14,Swiggy
Karishma Srivastava,1,please don't order from zaza mughal biryani ace city....they are using rotten chicken and rice. even Swiggy customer care is also doing nothing... you cannot even call the restaurant (ZAZa).,2026-05-14,Swiggy
love kush,1,"Swiggy is very bad Food Delivery company, Not delivered complete order, and customer care is not support. not delivered on time, agr food nhi lenge uske bad to hmare chagrges or lgati h,",2026-05-14,Swiggy
Abhishek Agnihotri,5,best service,2026-05-14,Swiggy
Jatindaxu Patel,5,Nice 👍,2026-05-14,Swiggy
Sonam Tripathi,1,"Pathetic service, no solution given on time in majority cases.",2026-05-14,Swiggy
Yashika Longani,1,such a bad experience. i wait for an 1 hr then the order is cancelled and also dose not provide full refund even we not cancel the order cancel from the site only such a disappointing experience,2026-05-14,Swiggy
Niharika Chauhan,5,better than zomato,2026-05-14,Swiggy
Narendra Mehra,1,not fair,2026-05-14,Swiggy
Abu bakkar Molla,1,আমি একটা ভুল এড্রেসে দুধ আর দই অর্ডার করেছিলাম তারপরে আমি অর্ডারটা ক্যানসেল করি তার জন্য আমার পুরো Amount ta deduct করা হয়েছে কেন ? আমি বহুদিন ধরে অর্ডার করছি বা করি এই ধরনের নিয়ম বা এই ধরনের কিছু জানতামই না আমি এটা কি কোন নিয়মের মধ্যে পড়ে ? 290 Rupees Deduct,2026-05-14,Swiggy
Aamir Delhichaklawala,1,worst app not deliver order in pick time,2026-05-14,Swiggy
musunuru divya,1,"Worst service ever. The delivery partner picks up the order but doesn’t deliver it or answer calls. When we contact Swiggy customer care, they just say they will issue a refund, but they don’t consider the customer’s time or the fact that the customer has been waiting hungry for a long time. This is not happening just once these days it’s happening repeatedly and from now I will stop using Swiggy and i request please stop using Swiggy platform then they will realise the customer pain & concerns",2026-05-14,Swiggy
व्योम Stars,1,delivered rotten food and I have complaint then not provide proper response,2026-05-14,Swiggy
Archna Gautam,1,"There is no help, if food is ordered in night shift then the delivery boy brings the food after 2 to 3 hours, no one listens, nothing is good in the app, there is extra charge also and the behavior of the delivery boy is very bad, not said to be safe, very bad experience, very disappointing, better than this Swiggy food app is very bad midd night 12:25 am pr khana ordered kiya or morning m 4:30 am pr khana aaya or delivery boy ne Did you take extra payment or the behavior was also very bad drink",2026-05-14,Swiggy
SUDHANSU SEKHAR DASH,1,Very disgusting service from swigi.Waited 1hr and 30 mins for delivery food.,2026-05-14,Swiggy
rajat mahajan,1,Worst app and their customer support and delivery guys. this company must be shut down. Never order from them instead use Zomato.,2026-05-14,Swiggy
Tejassu P N,4,Need to improve on maps live data accuracy,2026-05-14,Swiggy
GUTAM RAVI KUMAR,5,good,2026-05-14,Swiggy
Akhil Sasi,4,good,2026-05-14,Swiggy
M Raja vardhan Reddy,5,super,2026-05-14,Swiggy
Rayaz mohd,5,main swiggy ka worker hun,2026-05-14,Swiggy
Akash Kumar,1,payment debited twice and messaged for refund 24 h,2026-05-14,Swiggy
Manjunatha k n Manjunatha k n,5,nice,2026-05-14,Swiggy
SHAHNAWAZ Qureshi,5,good 👍,2026-05-14,Swiggy
Riya Sagar,5,acha h,2026-05-14,Swiggy
मंजेश शर्मा,1,Worst experience.it's fraud & blackmailing app,2026-05-14,Swiggy
Chandan Kumar,1,not time abuleble,2026-05-14,Swiggy
Chandramma A,5,"All in one food, snacks and groceries. It's worthy to be downloaded 😁.",2026-05-14,Swiggy
gokilavanishree .j,1,"Very disappointing experience with Swiggy. I placed a food order but received neither the food nor a refund. Customer support kept delaying the issue, ignored my request for Tamil support, and disconnected the call after making me wait for over an hour. I lost both my money and my food. Restaurant: Guru Amudhas. Extremely poor and irresponsible service. They focus only on money",2026-05-14,Swiggy
Main Khan,5,very good,2026-05-14,Swiggy
Rabha Dubey,4,good,2026-05-14,Swiggy
Kumar Chawan,5,super,2026-05-14,Swiggy
Khurram Zain,5,very nice service,2026-05-14,Swiggy
SANJAY MANDAL,1,full of advertising which is very disturbing interface.,2026-05-14,Swiggy
RAMCHANDRA CHOURASIYA,5,good service,2026-05-14,Swiggy
Sareena shafeeq Nirban,5,nice,2026-05-14,Swiggy
Atul Chopade,1,"They provide inaccurate delivery times, which they keep extending based on their own assumptions. They charge excessively under the guise of service fees and other charges, and even more when delivery is supposedly free.",2026-05-14,Swiggy
mounika kothuru,5,👍,2026-05-14,Swiggy
Dev Bedre,5,nice app,2026-05-14,Swiggy
Harshit Singh,5,ok,2026-05-14,Swiggy
KRISHNA DEOGAM,5,excellent,2026-05-14,Swiggy
Vicky,1,"Very disappointing first experience with Swiggy. I ordered chicken noodles and chicken fried rice, but received completely different items: egg noodles and gobi rice. I contacted support expecting a proper refund, but only received a temporary coupon instead. What makes it worse is that I now returned to my village where delivery service is unavailable, making the coupon useless for me. Poor order accuracy and disappointing customer support for a first-time customer.",2026-05-14,Swiggy
Raju jakkula Raju jakkula,5,super app,2026-05-14,Swiggy
Vinod Nager,5,good,2026-05-14,Swiggy
Vishwendra Nath,1,We weren't able to cancel our order if we ordered it by mistake lee and no response from that side about our order don't use app instead use zomato is the best,2026-05-14,Swiggy
Pintu Singh,5,very nice 👍🙂,2026-05-14,Swiggy
Asha Valmiki,5,great 👍,2026-05-14,Swiggy
Ansh Freight carrier,5,fast,2026-05-14,Swiggy
Bablu yadav Yadav,5,niece ti. delivery,2026-05-14,Swiggy
LIKHITH NAIK,5,super,2026-05-14,Swiggy
Azher Alam,5,gud,2026-05-14,Swiggy
Rajnish Vishwakarma,5,delivery on time,2026-05-14,Swiggy
siddharth kalekar,1,Gst nearby the product cost,2026-05-14,Swiggy
Santhosh Kumar.T,5,super,2026-05-14,Swiggy
Luckey Rathore,1,very bad service,2026-05-14,Swiggy
Nikihat Sultana,5,fast delivery,2026-05-14,Swiggy
Ajinkya Salunkhe,1,"ordered, waited for 2 hours, then cancelled. wow!",2026-05-14,Swiggy
Mahak Garg,1,They didn't prefer first ordered customer...,2026-05-14,Swiggy
Panga deevena Dani,5,nice,2026-05-14,Swiggy
Sarfaraz Khan,5,good 👍🏻,2026-05-14,Swiggy
Pugazhenthi Pugal,5,good,2026-05-14,Swiggy
Rohit Malik,1,"I cancelled my order on Swiggy Instamart, but I still haven’t received my refund. The support experience has been disappointing and there has been no proper update regarding the refund status. Please resolve this issue as soon as possible",2026-05-14,Swiggy
nisha kumari,1,"once you click on order there's no cancel policy even within 2 mins and if you don't receive the order, and cancel it, they'll charge double the amount of actual price.",2026-05-14,Swiggy
Guru moorthyD,4,good,2026-05-14,Swiggy
Shruti Kokitkar,5,good,2026-05-14,Swiggy
Aashish Kumar,5,good 💯,2026-05-14,Swiggy
Manohar Modagi,5,good,2026-05-14,Swiggy
Akash bhalerao,5,excellent 👌...,2026-05-14,Swiggy
Sunil Dhakad,5,good👍,2026-05-14,Swiggy
Pranshu Jha,2,swiggy used to be great but now the rate has become so high gst and extra convenience fee is being charged before nothing of such kind very disappointed.,2026-05-14,Swiggy
GAURAV,5,good service,2026-05-14,Swiggy
Som singh,4,good,2026-05-14,Swiggy
Tushar Lakhani,1,"fraud app if your order is late and want to cancel no refund, updating order was very late rider didn't receive call no customer support rather than cancelling the order time waste",2026-05-14,Swiggy
Kabir Tompok,5,great,2026-05-14,Swiggy
mani kantha raju jami,1,"every 3rd order of is delayed by more thn 30 mins,",2026-05-14,Swiggy
Neha Mahato,5,very good,2026-05-14,Swiggy
Aditya Jogi,5,good,2026-05-14,Swiggy
Bandaru Manasa,5,good,2026-05-14,Swiggy
PK Constructions,5,very fast and timing,2026-05-14,Swiggy
Rama Thakur,1,swiggi service aacha nai hai order cancel karetho nai hota boltha ki ur order has preparing boltha mai order karke 5mints b nai hor tho,2026-05-14,Swiggy
Sujananth Visvaratnam,2,unable to cancel the order when orderd item is not available instead forced to choose alternate item,2026-05-14,Swiggy
Dilkhush Sidhu,5,good service 👍,2026-05-14,Swiggy
Veer,5,🥰🥰 ok,2026-05-14,Swiggy
Aman Roy,1,Swiggy Customer Service is very bad. they don't talk properly and cut the call.,2026-05-14,Swiggy
Battler Xien,2,"I had to wait half an hour for the order because it was raining, I decided to just cancel the order, but they instead told me there would be a cancellation fee.",2026-05-14,Swiggy
Arun Kumar,5,good,2026-05-14,Swiggy
ANSHU KUMARI,1,"Swiggy is so terrible that even if you give the correct number, they still make it wrong. What are people supposed to do in urgent situations? I boycott Swiggy.",2026-05-14,Swiggy
Khushboo,4,👍,2026-05-14,Swiggy
Akash bhesaniya,1,food not delivered in time rage,2026-05-14,Swiggy
Mandar Gokhale,1,"I ordered ice-cream an hour back, still not delivered. Pathetic speed of delivery.",2026-05-14,Swiggy
Rocky Mondal,5,wow,2026-05-14,Swiggy
lenin nin,1,worst app never odder food this app money lass,2026-05-14,Swiggy
rahul kumar kushwaha is,4,nice 👍,2026-05-14,Swiggy
Sushant Bansal,1,"Third class app , late dileveries fooling customer , customer care is also useless to work",2026-05-14,Swiggy
Shekar Shetty,1,"Recently it's taking triple the estimated time to receive my order and customer service is the worst, no refund",2026-05-14,Swiggy
Jahangir Mallick,1,worst experience. Never help when food is not delivered or delivered late. dont take calls. price is too high. it takes 1 hr for just 10 min distance delivery. I am absolutely fed up with this app going to uninstall today,2026-05-14,Swiggy
Neetu Gupta,1,No check control over food delivery. They are totally unaware what is being delivered to the customers even after raising issues they take no action.,2026-05-14,Swiggy
Moin Hyder,5,Excellent service,2026-05-14,Swiggy
DUNNA VENKATESWARARAO,3,good,2026-05-14,Swiggy
Rahmaan Lala,5,bhaut badiya aap hai,2026-05-14,Swiggy
shubham kokane,1,always delayed delivery,2026-05-14,Swiggy
Krishna Rawat 644,1,worst app don't order this kind of app,2026-05-14,Swiggy
Charanjeet Singh,2,good,2026-05-14,Swiggy
Ammar Hasan,5,all great,2026-05-14,Swiggy
Kanhayalal Choudhary Choudhary,5,good,2026-05-14,Swiggy
Shashi Kiran Devi,4,good and fast delivery,2026-05-14,Swiggy
Madhusudan Acharya,1,this is not a good app for food lovers,2026-05-14,Swiggy
Prosenjit Bhangar,4,Very Good app,2026-05-14,Swiggy
Abdul Wahab Alig,1,"Worst experience with swiggy. No solution for missing item, They first give you an offer and then refuse to fulfill.",2026-05-14,Swiggy
MALLIK CHARAN,1,"I have waited 1 hr long and my order was not delivered and got cancelled. Very bad, not gonna order on Swiggy anymore.",2026-05-14,Swiggy
Rashmiranjan Sethy,5,very good,2026-05-14,Swiggy
gagan singh,3,good,2026-05-14,Swiggy
Md Faisal,1,very bad experience 100% Cancellation fee,2026-05-14,Swiggy
Bhuvnesh Chauhan,5,👍 good,2026-05-14,Swiggy
vinod bazal,5,like it,2026-05-14,Swiggy
Arpita Khare,1,giving this a 1 because i cant give a 0,2026-05-14,Swiggy
Sheikh Nayeem,5,Good app,2026-05-14,Swiggy
Sunandit Saha,5,good,2026-05-14,Swiggy
Bhagyashree Suryavanshi,1,worst experience ever,2026-05-14,Swiggy
Pranab Ramchary,5,nice,2026-05-14,Swiggy
Najeeb T K,4,good,2026-05-14,Swiggy
Chandrapal Lodhi,5,best app,2026-05-14,Swiggy
johnson s,4,super,2026-05-14,Swiggy
Venkatesh Door,5,good,2026-05-14,Swiggy
BAL HAYER,1,no rufnd very slow service froud swiggy,2026-05-14,Swiggy
sai murali,1,"My order was marked as ""delivered"" in the app, but the delivery partner never reached me or even attempted to call. To make matters worse, customer support has been completely unresponsive and unhelpful in resolving this. It feels like a scam when you pay for food that never arrives and the company refuses to take responsibility. Extremely unprofessional.",2026-05-14,Swiggy
Magar Rana,1,worst service,2026-05-14,Swiggy
Dhurendra Yadav,5,best rewarding service,2026-05-14,Swiggy
Riya Priyadarshni,1,download hone pr login ni ho rha av pehli baar login kr ri ti too many attempts show kr rha,2026-05-14,Swiggy
Abhilal Jani,1,Swiggy itna late diliver karta hai.,2026-05-14,Swiggy
Aryan Samanta,1,"Very disappointed with my recent Swiggy order from Toing. The biriyani arrived cold, excessively oily, with very poor quality and minimal chicken pieces. I reported it immediately with photos, but the refund was denied without proper resolution. Customers should not have to pay full price for food of this quality. @SwiggyCares",2026-05-14,Swiggy
Sabeena Farooq,5,service was really Excellent and the person who delivered the order was kind and Good,2026-05-14,Swiggy
Dhruvi barai,1,cod not available,2026-05-14,Swiggy
Patel Chetan,1,"Third class food delivery app and they are play with customer feeling, 30 min order delivered in 90 min.",2026-05-14,Swiggy
BOOPATHI E,4,super,2026-05-14,Swiggy
Shweta Satonkar,4,this app is hanging to much,2026-05-14,Swiggy
sai Reddy,1,it's a too bad experience from Swiggy,2026-05-14,Swiggy
Kumarswamy Kumarswamy,5,nicee,2026-05-14,Swiggy
Sachin Kumar,5,nice,2026-05-14,Swiggy
Dipen Saikia,5,good,2026-05-14,Swiggy
Ayush Mahakud,5,good,2026-05-14,Swiggy
md sajid Khan,5,nice,2026-05-14,Swiggy
Varshini Patel,5,excellent👍,2026-05-14,Swiggy
hansraj meena,4,good delivery app for food,2026-05-14,Swiggy
Uppala raja,5,good,2026-05-14,Swiggy
JH,5,good,2026-05-14,Swiggy
Radheshyam Routh,5,good,2026-05-14,Swiggy
mohanlal manda,1,"waste Swiggy if we make an order mistakenly there is no cancellation, this service is waste I have never like this before with with any other apps waste fellows and fake six offer with IPL",2026-05-14,Swiggy
Santosk Kumar,3,good,2026-05-14,Swiggy
Shameel VS,1,ok🔥,2026-05-14,Swiggy
Ramachandran Ramachandran,5,good,2026-05-14,Swiggy
Brijesh Sahu,4,best,2026-05-14,Swiggy
Paaruaaradhya Paaru,4,good,2026-05-14,Swiggy
ALI Hindustaani,5,this is veri nice and veri better,2026-05-14,Swiggy
Balkishan Tiwari,4,very good service,2026-05-14,Swiggy
Rakesh Koppula,1,this is not good,2026-05-14,Swiggy
Sourav,5,Fantastic,2026-05-14,Swiggy
Shaike Juhaina,5,good,2026-05-14,Swiggy
Degala saipavan,5,nice,2026-05-14,Swiggy
Adith Aadhi,5,wow,2026-05-14,Swiggy
Satnesh Nanda,3,nice,2026-05-14,Swiggy
Kishore venkat,1,always taking Hours to deliver the order switch to zomato,2026-05-14,Swiggy
Prashant Nair,3,Never comes in stipulated time given by swiggy.,2026-05-14,Swiggy
S afnan,4,good,2026-05-14,Swiggy
sanjay panchal,5,good sarvice,2026-05-14,Swiggy
Roshan Bablu,5,good,2026-05-14,Swiggy
Nirav Patel,5,i love Swiggy,2026-05-14,Swiggy
Mr. Vikash KUMAR,1,"""I ordered food at 1:00 PM when the app showed a delivery time of 30-35 minutes, but it arrived at 2:00 PM. This is pathetic. If a customer plans their schedule based on your 'estimated time,' they end up getting delayed because your service takes twice the time promised. The service at Patna Station is absolutely useless. When it finally arrived, the delivery guy kept calling me, making me run around from one pillar to another. To top it off, I specifically called the restaurant and requested e",2026-05-14,Swiggy
Bipin Kumar,5,thanku,2026-05-14,Swiggy
Ankit Dua,5,good,2026-05-14,Swiggy
Amit Kumar,5,nice,2026-05-14,Swiggy
Nisha Rawat,5,delicious food and good and fast service,2026-05-14,Swiggy
Hurain Abdul Basheer,5,👍,2026-05-14,Swiggy
sagar. rawat,1,"bhut hi bekar appp hai maine aaj momos order. kiye the 12 piece above 98 and 2 creame burger inta gnada khana aur to aur momos . itnai purnaai the ki kya btaaau andr aur bhar se same on uhh Swiggy even momos me bhar se 4 ,5 chitiyan bhi lagi hue thi again same on uhhh ..... 🤢🤮🤮🤮ultyain ane lagi merko mtlab isaai badiya to mai khud hi Jake fresh momos bnwa ke le aaj bhar se ..... itnai gande aur ghtiya khana delivery krne ke 234 rupay marjaaao swwiigy walon fekna pada khana who wll retrn my $",2026-05-14,Swiggy
vashudev,1,good,2026-05-14,Swiggy
Sofia Meharin,1,not having a good offers,2026-05-14,Swiggy
Shaik Karishma,5,good app for food,2026-05-14,Swiggy
Ghanshyam Vaity,5,make order in simple steps,2026-05-14,Swiggy
Shija Pravi,1,Ordered a product from instamart and they sent another product. But when we went to help and support the bot showed that our claim was not valid which it was and didn't let us connect to a customer care partner. This type of order mishaps are happening too often these days and no customer service no we can contact is there. I sent an email but I didn't get any response for that too. Very bad experience.,2026-05-14,Swiggy
Chakali Girish,5,Good,2026-05-14,Swiggy
Rahish Pal Poonia,4,"it doesn't tell about amount of sabji , like in grams , it just shows pictures but sometimes it seems a lot of stuff in picture but in reality it's very less.....",2026-05-14,Swiggy
Elma Dsouza,4,Very good 👍,2026-05-14,Swiggy
Harshvardhan Mehra,5,great,2026-05-14,Swiggy
Vasanth Suriya,5,good,2026-05-14,Swiggy
radhika s,1,"very poor customer service, it doesn't allow customers to cancel the order.",2026-05-14,Swiggy
sanjeet singh,5,good 👍,2026-05-14,Swiggy
Liya Fathima AS,5,good,2026-05-14,Swiggy
Mudassir Hayat,5,good 😊,2026-05-14,Swiggy
Mayank Singh,5,nice,2026-05-14,Swiggy
Aman Mehra,5,wow,2026-05-14,Swiggy
Raj Patel,5,super,2026-05-14,Swiggy
prasanna kumar c,5,Good at service level,2026-05-14,Swiggy
Mohammed Ghouse,5,good,2026-05-14,Swiggy
VamshiPatel Gurrala,1,Modda la service in NIZAMABAD Telagana no one is responding for my order. don't use Swiggy,2026-05-14,Swiggy
sangeetha priya,5,on time delivery,2026-05-14,Swiggy
Deepak R,5,good,2026-05-14,Swiggy
Rajiv Gupta,5,Good Service,2026-05-14,Swiggy
Viji A,5,superb,2026-05-14,Swiggy
Hema Latha,4,good delivery on time,2026-05-14,Swiggy
Suman Das,5,good,2026-05-14,Swiggy
Rahul Gupta,1,fraud comy,2026-05-14,Swiggy
Vignesh Vikcy,5,👍,2026-05-14,Swiggy
Punitha Nathan,5,its very useful in train,2026-05-14,Swiggy
Anuraghav Ray,5,nice,2026-05-14,Swiggy
Mahendra Kumar,2,good,2026-05-14,Swiggy
Kaif Ahmad,1,customer service is the worst. After food delivery they don't entertain their customers.,2026-05-14,Swiggy
Manoj Bahuguna,5,still fine,2026-05-14,Swiggy
PRAJWAL S,5,good,2026-05-14,Swiggy
Anumita Mukherjee,1,"begger app, these idiots charge you for their membership programs but club your orders with several other orders causing delayed deliveries. ridiculous and corrup people at swiggy",2026-05-14,Swiggy
Ash op gaming74,5,good app,2026-05-14,Swiggy
PRABHAKAR S,5,super,2026-05-14,Swiggy
Soumobroto Chakraborty,4,"Good Service, But Needs more Accuracy",2026-05-14,Swiggy
Prashant Uniyal,1,"Worst delivery experience, the app shows 11 mins to deliver for 1.5km but order arrived after 1 hour. at least give the actual time don't fake the numbers and try to be smart, whoever gave this idea is an absolute clown. at least optimize the route for the delivery person if orders are clubbed, i saw him crossing my house and the restaurant 2 times then on the 3rd time he actually stopped, wasting fuel.i know very well, kfc don't take 40 mins to pack one burger and fries I will prefer ZOMATO.",2026-05-14,Swiggy
Pakkieappa Male,4,good 😊,2026-05-14,Swiggy
Tanjim Mallick,5,thanks for teasty momos😋🤤,2026-05-14,Swiggy
Anubhav Mishra,5,this aap gave me the best offer nice aap 😀,2026-05-14,Swiggy
Arun Kumar Nayak,5,good,2026-05-14,Swiggy
Bhavani Madhav official,5,super,2026-05-14,Swiggy
Raminder K,5,Really amazing deals and timely delivery in past few months. Now this is my go to app for food delivery. Don't even check the Z app,2026-05-14,Swiggy
Jyoti kanana Pati,3,Good 😊,2026-05-14,Swiggy
Atufa nousheen,5,very nice 👍,2026-05-14,Swiggy
BISWAJIT DAS,5,GOOD...🙂,2026-05-14,Swiggy
kundan chauhan,5,good,2026-05-14,Swiggy
Mehbub Hussain 786,5,very good,2026-05-14,Swiggy
Aditya Bhatti,5,very good service,2026-05-14,Swiggy
MAllikarjun Bgr,5,five star,2026-05-14,Swiggy
Send Me,2,😂,2026-05-14,Swiggy
Abhinav Kumar,4,"fast delivery, nice product",2026-05-14,Swiggy
Mohit Garg,4,good,2026-05-14,Swiggy
Purusho Thama,5,please deliver before 7.30pm we have train,2026-05-14,Swiggy
murugaa06 oom,5,nice,2026-05-14,Swiggy
P K,1,"Happened twice within a week : Ordered food , delivery partner accepted but never delivered even after waiting for around 1.3 hours. And by the way I use swiggy one. Insanely bad experience when friends and family are waiting for order to get cancelled. Wont ever use swiggy now. Time to buy zomato gold.",2026-05-14,Swiggy
Sangeetha,4,good,2026-05-14,Swiggy
Jr Sanjay Kumar,5,good 👍,2026-05-14,Swiggy
Nandini T,5,nice,2026-05-14,Swiggy
Rani Kalra,1,this app closes my Cash on delivery. and last order which was not cancelled my me last order cancelled by delivery partner and my cod is not available. Why Zepto Why??,2026-05-15,Zepto
Prateek Singh,1,"worst grocery delivery app, apps shows 12-15 minutes to deliver the order but they deliver it in more than 30 minutes and 1 order was delivered in 1 hr 18 mins, the grocery store is only 300m away from my home, this happened more than four times. after 1 day, and now they are annoying me by sending email and trying to make me edit my review.",2026-05-15,Zepto
Sabita Rungta,5,best,2026-05-15,Zepto
Ayesha Parveen,5,thanks zepto,2026-05-15,Zepto
Sanjana Neotia,1,First they will send melted and substandard product and then they will not understand the customer's concern. The support team bluntly refuses to help without making any consideration on hearing customer's part. I am never going to use this app again. My last 3-4 orders have been terrible. The support team on chat email and call and just talking like robots and they do not wish to provide any solution. they are offering me a moisturizer coupon for melted ice creams. does that make any sense.,2026-05-15,Zepto
yudhveer kashyap,1,"Lately, I have noticed that people are ordering a significant amount of groceries and household supplies through Zepto. While this offers users a great deal of convenience, Zepto is, in reality, the worst grocery app out there. You should never order anything from this app, as Zepto is a fraudulent service; it fails to deliver the specific items it displays to customers. Based on my own personal experience, I strongly advise against ever ordering from Zepto, as it is an absolutely terrible appli",2026-05-15,Zepto
Haranadh Veta,1,"Ordered two coconuts today with description water quantity is between 200-250 ml. But received damaged product, which has no water. while lodging complaint, photo mandatory but it is not getting uploaded. Even sent mail to customer service, there is no response. Very poor service. I will bring these contents in all Social media.",2026-05-15,Zepto
Vivek Bhardwaj,5,fast delivery and variety of products,2026-05-15,Zepto
Manish Saini,1,"There was a time when your app worked effectively with TalkBack. It was highly accessible for persons with blindness. However, from the last one day, this app has become extremely difficult for users like us who use your app frequently for ordering food and other essentials. Nowadays, we are not able to find the search options in your app, . for example whenever we try to find a search option with the help of TalkBack we are unable to do it I hope you will improve the overall setting of the ye",2026-05-15,Zepto
Kohiri,1,terrible experience. products are unhygienic,2026-05-15,Zepto
Manoj Gowda,1,"bought a wireless mouse of zebronics and didn't work after 2 week, when I raised an issue with video of not working firstly they tried to closed it by telling it is working and after some conversation they told to contact zebronics, if not giving proper service why do you guys sell those products blaming other companies, I bought the product from your platform and it is your job to get it solved right very bad service..",2026-05-15,Zepto
Rishi singh Rajput,5,exillant,2026-05-15,Zepto
Vishaka Tamang,1,"Worst customer support. Rude and arrogant. Not paying attention to my issues and just sticking with ""Sorry, there's nothing I can do"" behavior. Delivery is delayed by 30 mins and the delivery agent number is out of service. Horrible experience not once or twice but again and again.",2026-05-15,Zepto
Vinay Akkireddy,5,Good,2026-05-15,Zepto
Nowzeeya Nowzee,4,good,2026-05-15,Zepto
Pooja Jaiswar,5,delivery on time good service,2026-05-15,Zepto
Mahesh Thapa,5,good,2026-05-15,Zepto
VRUSHALI POHKAR,5,All items are good,2026-05-15,Zepto
Sandeep.N Sandee.N,5,nice,2026-05-15,Zepto
shaik mujahed,4,good,2026-05-15,Zepto
Parmanand Pandey,1,"False and misleading promotional offers. Zepto promised ₹700 credits on orders above ₹499, but after my order was successfully delivered, no credit was added to my account. This feels like a deceptive marketing tactic used to attract customers without honoring the promised reward. Customer support has not provided a proper resolution. I placed the order only because of this offer, and Zepto failed to fulfill its commitment. This has completely broken my trust in the platform. Very disappointing.",2026-05-15,Zepto
Esther Evangeline,5,very good and keep it up 💯,2026-05-15,Zepto
Raghu Arjunan,5,good for all,2026-05-15,Zepto
Jatin shamra Sharma,5,good delivery and good product,2026-05-15,Zepto
Ankit Patel,5,better than every platform,2026-05-15,Zepto
Mayur Patil,1,Customer Service Zero Star.,2026-05-15,Zepto
NARESH YATA,5,good,2026-05-15,Zepto
Smartaks7,1,"I de link my amazon pay wallet account and again link but it didn't show the amount, it's shows zero amount and neither I'm able to use Amazon pay wallet for payment, please fix as soon as possible.",2026-05-15,Zepto
Deepak Kumar,5,veri good service,2026-05-15,Zepto
Venkat Ramani,5,best app,2026-05-15,Zepto
bala bala,4,anything good,2026-05-15,Zepto
Ritik pandey,1,50 mins to deliver the things and distance hardly takes 5 mins to walk and reach the home from your place deleting the app not gonna use anymore,2026-05-15,Zepto
Jaydip Parmar,4,Good,2026-05-15,Zepto
Vanita Dhabe,1,I ordered a mist which is completely half product received plzz check before u buy zepto is not return or exchange my product this is very disappointing,2026-05-15,Zepto
ROHIT KUMAR,5,good,2026-05-15,Zepto
DJ Shubhu Official,5,good 😊,2026-05-15,Zepto
Akshita Singh,1,worst app and worst service,2026-05-15,Zepto
HimanshuJaipurite,1,poor,2026-05-15,Zepto
keerthana Immanuel,1,worst app i ever used . they're delivering wrong product and loot money from if call the customer care they just ask apology and close the chat . No regrets nothing if want to loose your money buy from zepto . fraud app. I lost my money and no response from their side scam app. fraud app . zepto is a complete scam,2026-05-15,Zepto
Manish Shirsath,1,not properly answer and poor service bad platform 😡😡😡😡,2026-05-15,Zepto
Naresh Jey,1,Zepto always sends damaged and low quality products and upon raising an issue they never give replacement or refund / take action on the store . Their customer care and brand inefficient. That competitor atleast has the courtesy to agree to their fault . Zepto quickly blames the customer .,2026-05-15,Zepto
Ayesha shaikh Shaikh,5,best app,2026-05-15,Zepto
Dr. Anu Garg,1,I usually don't write reviews. but this app is pathetic with worst experience ever. Go for good brands like flipkart blinkit instamart,2026-05-15,Zepto
Nikhi Nikhi,1,I say bigbasket better than this as ordered something which I want to return it and say easily return there us no cx care number dropping a mail they say item is delivered so no return accepted waste of time using it,2026-05-15,Zepto
v.omprakash,5,best quality best price and fast delivery thank you zepto,2026-05-15,Zepto
Pal raj,4,good,2026-05-15,Zepto
Sameer Khan,5,very nice application,2026-05-15,Zepto
Prakriti Anand,1,"Very disappointed with Zepto. I received a hair removal razor in unsealed packaging, without the safety lid, and it appeared used with hair all over it. This is extremely unhygienic for a personal care product. I contacted customer support and clearly asked for a bank refund as I no longer want to use Zepto, yet the refund was still issued as Zepto Cash without my consent. Very careless and frustrating experience.",2026-05-15,Zepto
Syed Shameer,1,you guys have cheated me by giving me a damaged product with no cable multiple mails and calls given to you but still no response money looting mechine zepto this was my first order,2026-05-15,Zepto
Arya Mhapsekar,1,instant delivery is not available most of the time,2026-05-15,Zepto
anmol ahuja,1,useless app,2026-05-15,Zepto
Shanthi Reddy,5,priced well and quick services,2026-05-15,Zepto
Ravendra Gupta,5,recommended to others,2026-05-15,Zepto
Bimlesh Rajpoot,5,great 👍,2026-05-15,Zepto
Deeksha Pandey,1,0 STAR they give you damaged items and no return or replacement. you will be stuck with an automated response and emails but no actual action. use any other app but ZEPTO WORST APP !!!,2026-05-15,Zepto
Ganesh sutar,5,good experience,2026-05-15,Zepto
JILLA PRASANNA,5,Good,2026-05-15,Zepto
Anand G,5,fast delivery as committed,2026-05-15,Zepto
Aruna Thala,5,nice,2026-05-15,Zepto
grasy Justina grasy Justina,5,super excellent grocery shop,2026-05-15,Zepto
Babita Kumari,1,Maine moisturizer order kiya th or inhone expiry date wala delivery kar diya😡😡😡😡,2026-05-15,Zepto
sravani Kandukuri,5,good,2026-05-15,Zepto
Arshi Saifi,5,delivery to late otherwise all ok,2026-05-15,Zepto
Sahana Kumari,4,good,2026-05-15,Zepto
VIJAY KUTTY,5,good,2026-05-15,Zepto
Nom Nom Express,4,good 😊,2026-05-15,Zepto
Hafeej Ullah,5,best price Best product and fast delivery very nice 👍😊,2026-05-15,Zepto
Julie Singh,5,"nice,aap",2026-05-15,Zepto
Tarannum kusugal,5,good service 👍,2026-05-15,Zepto
santanu debnath,1,today buying a soundbar I request to you a mail and ticket raise sound problem too low volume please return this product but zepto didn't listen to this,2026-05-15,Zepto
sanjay kumar,2,"when I open the app to order something to my address, it show 6 or 8 mins, as order it booked ,it shows 15 mins, finally order comes 20 to 25 mins. they are making false promises about delivery time. bad service",2026-05-15,Zepto
Richa Shrivastava,1,extremely disappointed....poor customer care support ...,2026-05-15,Zepto
veena rk,1,.. kindly ENABLE Customer care support lot of time wasted cz of poor service.. i received a spoilt milk n even after sharing images d chat bot declined n no human assistance.. so much time was wasted..bad experience no one has responded yet ..no resolution or support shown thai is v poor quality of service .. zepto was not like this..,2026-05-15,Zepto
pradeep ubale,5,this is the outstanding and remarkable performance regarding to pacaging and delivery on time of products thank you zepto,2026-05-15,Zepto
Sunil Sunil,5,nice,2026-05-15,Zepto
Akshay Kharat,5,nice 🙂,2026-05-15,Zepto
jayesh ankush,1,"never on time, delivery always get delayed",2026-05-15,Zepto
Krishnaveni,5,fast delivery good packing,2026-05-15,Zepto
Sundara Rajan,5,Very nice,2026-05-15,Zepto
RISHABH SHARMA,1,the worst ever platform used. zomato swiggy blinkit etc all are better than this. they show 5-8 minutes delivery time but take more than 30 minutes. not even 2-3 times. like more than 10 times it had happened. dont use zepto instead use swiggy instamart and blinkit.,2026-05-15,Zepto
Amanullah Wasiullah,5,fast delivery,2026-05-15,Zepto
Tarun,1,"Hi Zepto, I just placed an order of around INR 600. At the time of ordering, it showed that the order would be delivered within 10 minutes, but it has now been more than 30 minutes and I still haven’t received my order. There is also no option to cancel the order or change the address. I’m very disappointed with this experience.🤨😡",2026-05-15,Zepto
Anu Radha,1,"poor service, most of the delivered items are spoilt and missing",2026-05-15,Zepto
Manish Kumar,1,A very bad experience. As a delivery app which ensures fast and hassle free delivery should take care of the support system but it is not at all proper. First of all they don't have support chats and only email and even when I have sent an Email they are replying. As a working person it is horrible to waste time. I had order milk which came out to curdled when I came to boil due to their careless delivery and now they are telling me that it was not our fault and are not ready to compensate.,2026-05-15,Zepto
Dipti Bhattacharjya,1,yesterday zepto sent wrong product. I raised a complain and then zepto agree to exchange the product but send same product. Again I raised complain then zepto stated to return the product. This is very bad. why zepto accepted my order when they are unable to deliver.,2026-05-15,Zepto
Hemant kumar,5,feeling good with Zepto,2026-05-15,Zepto
RAHUL RANJAN,1,before ordering eta 4 mins after ordering 8 min. original delivery time more than 25 mins. repeated pattern. update : looks like all 5stars are fake review. daily behaviour show on app 5 mins after ordering 8 mins delivery 20 mins,2026-05-15,Zepto
Sameena Bagum,1,"this app is not expecting my order 😕 I ordered an item, but it arrived damaged. Zepto informed me that I would receive the refund within a few days, so I waited for that time. However, I still did not receive the refund. When I contacted Zepto again, they told me that now they cannot help because 3 days have already passed. 😡😡😡",2026-05-15,Zepto
rohan j,1,Saying fresh and sending stale products. Later on not accepting also. Don't buy vegetables from here. 2026/05/15 Many products were missing in orders. This is happening multiple times.,2026-05-15,Zepto
Firdos Mansuri,1,pehle koi bhi sbji ya saman khrab aata tha turant support mil jata tha ab to khrab aata he or ham return ya refund ke liye bolte he to return refund hota hi nahi he service kharab ho gayi he ab👎,2026-05-15,Zepto
Digvijay Parmar (DJ),4,"Cheapest Rates compared to Blinkit, Swiggymart for sure and no hidden charges as well. Only 1 Feedback Please make a customer support care number which directly connects to an actual human representative rather than AI automated system replies. I bought list of groceries and only 1 grocery item that's salt was different from what I ordered but I couldn't get any response for a week until filed national consumer helpline complaint. After that they refunded that one item cost back to me.",2026-05-15,Zepto
Abhi Pagare,1,every time late delivery bad experience,2026-05-15,Zepto
Abhishek Pal,5,good,2026-05-15,Zepto
rizwan Ansari 5344,1,"मेरा एक्सपीरियंस इस एप्लीकेशन के साथ काफी समय से अच्छा रहा था। लेकिन वर्तमान में जब से इसके चाटबॉट ने काम करना शुरू कियाहै, तबसे ऑर्डर करने में काफी समस्याएं आ रहीहैं। पहले यह एप्लीकेशन टॉकबैक के साथ भी काफी एक्सेसिबलथा, लेकिन अब एक दृष्टिबाधित होने की वजह से मुझे इस एप्लीकेशन में टॉकबैक के साथ ऑर्डरकरने में बहुत ज्यादा समस्या हो रही है। यदि इसका यह बगग फिक्स नहीं किया गया, तो फिर यह एप्लीकेशन हमारी किसी काम की नहीं रह जाएगी। अब इसका एडिट बॉक्स ही नहीं खुल रहा टॉकबैक के साथ।",2026-05-15,Zepto
Diya Soni,5,🙂 nice,2026-05-15,Zepto
Anayra Chauhan,5,very good,2026-05-15,Zepto
Usman Ali Usman Ali,5,very nice picture,2026-05-15,Zepto
Nikhil Mishra,5,good,2026-05-15,Zepto
Harish Babu,1,Fraudsters,2026-05-15,Zepto
Anil Patil,5,Prompt response and service given,2026-05-15,Zepto
Ashutosh Singh,1,"worst customer support ever... initially I've received a defected and used product which I ordered and when I filed an exchange then their delivery boy came and left workplace without any confirmation and cancelled the exchange... After that blocked my number on which I made 20 calls.... now their customer support isn't responding and neither replying on mail... I'm in a thought to sue @zepto for their deed , which will be done soon",2026-05-15,Zepto
VIJAY K,1,Pathetic Customer Support & Worst Delivery Agents,2026-05-15,Zepto
Pritam Kumar,5,nice pic 🤩,2026-05-15,Zepto
Pooja Arya,5,good products,2026-05-15,Zepto
Harsh prabha Singh,1,zepto chor hai. milk packet purana aate hain aate hi boil karo fut jata hai. and sabji ki quantity hanesha kam aati hai,2026-05-15,Zepto
Arshiya Shaikh,1,always delay in order.,2026-05-15,Zepto
Pooja Misale,5,very good Service,2026-05-15,Zepto
Omar Uzbak,1,very slow service they don't ever arrive on time always keeping the customers on a pedestal.,2026-05-15,Zepto
Niranjan K. Reddy,1,if you order frequently they will show higher rates. better to order from different apps,2026-05-15,Zepto
Rajan Choudhary,1,Worst lets day zero customer support better use other services.,2026-05-15,Zepto
Satin Topno,5,helpfull,2026-05-15,Zepto
Dimple Mestry,5,good,2026-05-15,Zepto
Sowmiya K,5,good service,2026-05-15,Zepto
PNG Jewellers,5,Nice,2026-05-15,Zepto
Harshithcv Harshi,5,good 👍,2026-05-15,Zepto
Pradip Ghosh,5,good,2026-05-15,Zepto
Viral Amin,5,"very good Application, I am satisfied Iam so happy, Very very fast delivery Thank Zepto group 😁😀😃🤗😁😁😁",2026-05-15,Zepto
vivek upadhyay,1,"Very Bad experience. They deducted my money and didn't confirm the order. I have not received my money back till now. Please refund my hard earned money. Please don't play with the customer's trust. I stand by my review. Absolute cheaters. They wasted my Rs. 1800 order. They send expired products with dirty packaging and upon reporting to customer care, they do not accept their fault. Cheats and Untrustworthy. I'm done with them. I'll report them to Consumer Forum.",2026-05-15,Zepto
Manesh Mahatme,1,"2014 - 1 star 2026 May - bait & switch continues 8 mins at checkout, 24 mins after order. chatbot - ""slight delay"", can't cancel the order since it's already processed. Status shows as ""packing"". No driver assigned for 10+ mins. Chatbot still refuses to cancel. Refuses to connect you to a real agent. How is this acceptable?",2026-05-15,Zepto
Raja Mishra,5,good,2026-05-15,Zepto
Falak tak,5,best delivery partner best services problem faced one time but resolved at soon as possible,2026-05-15,Zepto
Rajendra Kumar,4,very good app thank u so Mach veri nice this application,2026-05-15,Zepto
Vihan car care Care,1,vest service and sales man not correct person,2026-05-15,Zepto
AFTAB ANSARI,3,good day with zepto,2026-05-15,Zepto
Priya,5,Items are very freshed,2026-05-15,Zepto
Vikram Kumar Jha,5,Very Good,2026-05-15,Zepto
akash kannojiya,5,Nice Service,2026-05-15,Zepto
Sabitri Das,5,thanks for delivery,2026-05-15,Zepto
Shreyas Tatawati,1,"pathetic service. shows 6 minutes while ordering, but never reaches before 30 minutes. And customer support is non existent. Their chatbot does nothing more than ""apologize"". Uninstalling this useless app right away",2026-05-15,Zepto
Amit chaudhary,5,best in product and best price,2026-05-15,Zepto
Jayesh Khandhar,5,Zepto really delivers Zatpat,2026-05-15,Zepto
Nora Khanaam,5,nice,2026-05-15,Zepto
Leena Desai,5,delivery partners are good,2026-05-15,Zepto
Shubha,5,it's working good 👍,2026-05-15,Zepto
Gaurav Puri,1,item received short,2026-05-15,Zepto
Shefali saxena,1,You Guy's are pathetic you just making us fool you mentioned in the description that exchange and return is easily possible but no you can't exchange anything and even After your product is not meet anyone's expectations,2026-05-15,Zepto
Gobi Vignesh,1,the return option very bad service the default options not connecting customer support if I add the picture is not uploaded the app is closed again open first very bad experience,2026-05-15,Zepto
PIYUSH AGARWAL,1,"poor service and Inefficient ,Ineffective,Useless service....",2026-05-15,Zepto
Ravi Wadhawan,1,As a customer they will never help you and delivery partners do what they want to do and never listen to customers.,2026-05-15,Zepto
Akash Gupta,1,Bad service,2026-05-15,Zepto
Vedansh Nauhwar,5,very good,2026-05-15,Zepto
Ulfat Shaniya,1,worst app. Sell stale products and no customer support system! please don't buy anything from here.,2026-05-15,Zepto
Dipanshu Sharma,2,"The quality of the Fanta was poor, and it wasn't chilled; consequently, it tasted absolutely terrible. I would like to request all partner brands to ensure that they always serve cold drinks properly chilled to every customer, as it is not within the customer's control to rectify this themselves.",2026-05-15,Zepto
Arfath Talib,1,not showing referral code share option in the application,2026-05-15,Zepto
Md Sujan,1,"requesting Play Store to remove this app because people are becoming full again and again,,, no genuine products no replacement no refund,,, missing products are common,,,",2026-05-15,Zepto
Teja Kolli,1,"just publicity ads but they won't implement the process in the app they mentioned if you order more than 500 rupees before 14th may before 11:59 pm you will receive 500 free cash to the account before may 15th 12:30am will recieve like this they mentioned, so I placed the order but not received the amount to the account now the time is 2am",2026-05-15,Zepto
Raju Soni,1,bhai 103 rupaye ka order mangvaya tha Jaipur se jo ki order a bhi gaya tha online team team gaya tha chapter ke phone mein so raha hai ki order kiya tha na mere phone mein show ho raha hai ki order kiya tha to mujhe mera jo payment Hai vah return chahie 24 ghante ke andar andar Varna main ki complaint dalunga police mein ki matlab payment ke khilaf yah sab hua Hai to yah dikkat wali baat hai agar payment wapas kar dete ho to theek hai Varna main cal complaint Dal dunga,2026-05-15,Zepto
NASIM Malaviya,5,GOATED APP,2026-05-15,Zepto
Kanchan Kedia Singhania,5,good,2026-05-15,Zepto
Arjun Shekhar,1,didn't delivery. support was dogshit.,2026-05-15,Zepto
Sahil Sahikh,5,ok,2026-05-15,Zepto
Divecha Faizal,1,it's say 15 mins delivery but takes 1 hour to deliver blinkit is better then zepto,2026-05-15,Zepto
Shiva Gautam,5,Good food,2026-05-15,Zepto
Balaji Bhojane,1,bad service,2026-05-15,Zepto
Banu Zoya,5,very helpful 🙂👍,2026-05-15,Zepto
Sharon,2,"The handling charges on Zepto are becoming unreasonable. Even for small orders, extra fees are added, making the final bill much higher than expected. Discounts become meaningless after adding handling and other charges. Very disappointing experience.",2026-05-15,Zepto
Naida Shaikh Shaikh,5,nicee,2026-05-15,Zepto
Akbar Khan,2,not better,2026-05-15,Zepto
prajwalsingh Thakur,1,Disastrous support,2026-05-15,Zepto
Lata Iyer,1,most useless app ever. pathetic delivery promise/ service.,2026-05-15,Zepto
abhishek Parab,5,very good,2026-05-15,Zepto
ajit prakash,1,service is getting pathetic and it takes hour to deliver items,2026-05-15,Zepto
SAHIL JAAT,1,late delivery and app showing 20 minutes and takes an 1 hour,2026-05-15,Zepto
Rushi Rajput,5,ok,2026-05-14,Zepto
Piyush Jena,1,"Absolutely pathetic experience with zepto. Received a broken-seal order, waited 2 hours for a replacement, and their support team canceled it themselves asking me to raise it again. Paras Joshi was easily one of the most unprofessional and inefficient support executives I’ve ever dealt with. Zero accountability, zero competence, and complete disrespect for customer time. On top of that, this 3rd class pathetic app makes the entire experience even worse. Embarrassing level of service.",2026-05-14,Zepto
pk channel,5,good,2026-05-14,Zepto
Sualeen Malik,5,good,2026-05-14,Zepto
patel rahmatullah,5,the service is Best,2026-05-14,Zepto
ajit prakash,1,zepto service is getting pathetic day by day.,2026-05-14,Zepto
Rajesh Yadav,1,"some items are out dated, and spoiled.",2026-05-14,Zepto
Rani Khokhar,1,poor ver y poor service timeing dekha the kuch or delivery kise or time kr the h very ceep or to or koi help line number nh,2026-05-14,Zepto
Dr Akshay Joshi,1,unprofesaional app. Espcially scheduled deliveries . False claims.,2026-05-14,Zepto
pooja bang,5,very quick and reasonable prices,2026-05-14,Zepto
Atiya sultana,5,Excellent,2026-05-14,Zepto
Nitesh Parashar,2,"worst delivery system, too much delays in deliver things 50-70 min don't use this in urgent requirement or you will regret.",2026-05-14,Zepto
Khushi,5,"very good sarvice,",2026-05-14,Zepto
Sagar Roy,1,"Their customer support is bad , very bad . You have to talk to the bots for any harassment you face . I wanted to report delivery man's bad behaviour and my concern was handled by a bot and I was assured by a robot. Absolute rubbish",2026-05-14,Zepto
Simpson Pandiaraj,1,Do not use this app after 1 whole hour connected 2 times for support and for 1st 10 mins bot will keep repeating the apology and the agent will come and after waiting for 1 whole hour they're like would you like to cancel your order never trust them in an urgent situation such an irresponsible attitude it's good I've taken all the screenshots of how they're dealing with customers with bot which repeat the same thing again and again,2026-05-14,Zepto
Akshay Jain,1,worst customer care experience. the BOT is there just to stall time and is of no use what so ever. Never gonna use this app again in my life. got my order in 50 mins when it showed 10 mins while ordering,2026-05-14,Zepto
Ajinkya Killedar,5,this app never disappoints 👍👍👍,2026-05-14,Zepto
Asif,5,BEST SOPPING APP FOR ZEPTO FASTEST DELIVERY NO CHARGE,2026-05-14,Zepto
M G,5,Great service but take care of safety of delivery partners. (Edit: Improved review from 3 to 5 stars),2026-05-14,Zepto
Areeb Rehan,5,nice,2026-05-14,Zepto
mohd Sajid,5,thanks for app,2026-05-14,Zepto
Vandana Chauhan,1,"""I had a very bad experience with Zepto. The app is buggy and often crashes, orders get delayed, and the overall service is frustrating. Definitely needs major improvement.",2026-05-14,Zepto
Santanu Pal,1,"otp not coming on my airtel number, jio number is otp coming.",2026-05-14,Zepto
phanendra sai,4,making slots becoming issue,2026-05-14,Zepto
Sandesh H,1,worst app,2026-05-14,Zepto
Joginath Lad,5,good,2026-05-14,Zepto
Salomi S,1,emergency means don't order in this paaaaaaaa jesus showing 6 mins but waiting for 1 hour 😮‍💨,2026-05-14,Zepto
Vishal Anand,1,worst support experience,2026-05-14,Zepto
Jayvindra Singh,1,customer ke sath scam krte hai ye log,2026-05-14,Zepto
Pavithra Pavithra,5,good 👍,2026-05-14,Zepto
Nagendar Kumar Gupta,5,nice,2026-05-14,Zepto
T.K.Shivalinga,3,very good 👍 😊,2026-05-14,Zepto
Plash Das,1,very poor service,2026-05-14,Zepto
jack orton,1,"Bad Experience in Lucknow they sent me used earbuds i dont know why but how they sell used products to a customer, if customer dont recognise or identify the product is used or not then they cheat to the customer.",2026-05-14,Zepto
Amit Kumar,2,today 14/05/2026 I am booking my order 9:15 pm showing time is 6 minute arrive but half an hours waiting time after half an hours one delivery partner calling I am immediately told please cancel my order but delivery partner many time call again and again this is not good delivery partner behaviour is not good I am not again book zepto any grocery item,2026-05-14,Zepto
animesh vallepu,5,super 💯 me,2026-05-14,Zepto
Ashok Kumar,1,"Worst customer chat service, after trying even more than 10 times unable to upload photo of wrong item and also not able to raise complaint. serious issues.",2026-05-14,Zepto
Kumkum Rajbhar,5,galti se dusra ho gaya hai lekin mujhe product change ho jaega,2026-05-14,Zepto
Swati,5,Good service and delicious food 😋,2026-05-14,Zepto
Karan Jalan,1,the service is getting poor by each passing day. No carry bag was given took 28 mins to deliver and 1 item missing.,2026-05-14,Zepto
Rahul Sagar,5,Best,2026-05-14,Zepto
NARESH Choudhary,5,very nice sarvise,2026-05-14,Zepto
Atish Solanki,1,"zepto is not deserving of one Star also, I have placed the order 2 times but both times were able to deliver my order after that showing amount will be refunded within 5-6 days..this is not acceptable if order not delivered so take refund immediately... it's a very slow refund process and delivery process.",2026-05-14,Zepto
Ibrar Ansari,5,good 👍,2026-05-14,Zepto
Deepankar Biswas,1,"Everything else was good till a few months back, but the service has now started to deteriorate. perticularly i came here to give you feedback on milk delivery, this is extremely disappointing to see that all the milk been ordered in my last few orders, have all curdled up. Please understand ""paise ped pe nahi ugte"". If you people cannot keep them in refrigerated condition then please don't sell it. Again, paise ped pe nahi ugte. just coz of this giving a 2 rating..",2026-05-14,Zepto
Chetan Gupta,1,worst grocery app ever.,2026-05-14,Zepto
Mubashshirah Qureshi,5,"fastest dilevery ,",2026-05-14,Zepto
Gurusekhar Yadav,5,super 👌past,2026-05-14,Zepto
SAGAR BHOIR,1,"very poor service,worst customer support app,do not go for it.",2026-05-14,Zepto
Chitra Chavhan,5,reasonable prices...... that's all what we all need and it has it Appreciate!!,2026-05-14,Zepto
Pinky Verma,1,poorest app ever....going to uninstall,2026-05-14,Zepto
Rahul Raushan,1,frustrating apps,2026-05-14,Zepto
mahesh edake,1,one of the worst app of the delivery. I will never use . it's not having even the customer care . I ordered too much item and got only 1% items what the hell is this .,2026-05-14,Zepto
Neha,5,sabse best deal dete hain bestest hai ♥️,2026-05-14,Zepto
Deepti Hatwal,1,one item is missing but amount is deducted,2026-05-14,Zepto
Mk Sharma,5,Very good zepto good 👍,2026-05-14,Zepto
Sunitha Koduri,1,I was not able to place a return also worst service by zepto they did not try to help me also,2026-05-14,Zepto
Yamuna Kannan,5,Helping in all emergency,2026-05-14,Zepto
Dilawar Kumar (YADAV JI),5,good,2026-05-14,Zepto
Rizwana R,5,🥰,2026-05-14,Zepto
Silpa Babu,1,the customer care is not doing a proper job...not even compensating for the things which is their fault..keep delaying the matter and ends up saying times up. very bad app didnt expect this app to be bad after using it for almost 3 years,2026-05-14,Zepto
Sonali Gaur,1,cheap service,2026-05-14,Zepto
Hemraj Arora,5,💯,2026-05-14,Zepto
Kajal Ali,5,best app hai 👍👍👍,2026-05-14,Zepto
Nahid Shaikh,5,verybad product,2026-05-14,Zepto
MANISH MALHOTRA,1,one star because minus Star rating is not available I am ordering for My father house two refined oil pouch is missing but no support from zapto customer care side I am investigating delivery boy also eleven complaint is pending but coustomer care not supported all people suggest if order self and All item check then order if ordering for our parents not order because delivery boy cheating not support coustomer Care save money and peace of mind don't order the zepto,2026-05-14,Zepto
Rakesh Shukla,5,best but time taken sometimes,2026-05-14,Zepto
Avika Yadav,2,"don't order if you don't have enough time other apps are better than this , zepto literally takes 1 hour to deliver things nd this has happened multiple times. even if they are late for 30 minutes it can be acceptable but 1 hour means alot.",2026-05-14,Zepto
Tannu Sharma,5,best app,2026-05-14,Zepto
Shri Chavan,1,late delivery's in support no one help you for your order,2026-05-14,Zepto
VIKASH BHAKTA,1,Poor service Multiple complaint ignored Order 1 : NSPMJBLNQ22224 Order 2 :  NSPMJBLNQ22227 uninstalled application,2026-05-14,Zepto
Md Arif Ansari,5,very nice,2026-05-14,Zepto
Amazon Haokip,2,"where is your customer support? i had problems with my order and didn't receive yet it said delivered! now when i try to bring this up , there is no place to bring it up. be like blinkit",2026-05-14,Zepto
Jothika Arunachalam,1,because it will go for order when we touch normally,2026-05-14,Zepto
Anita Nishad,5,very tasty so fast delivery bahut achcha app hai to bahut saste mein hi deta hai ismein delivery boy bhi bahut acche hain aur acche baat bhi karte Hain aur fast delivery hoti ko usmein har chij bikata hai mere ko to kahin jaane nahin padta yah app se sari chijen mere Ghar per delivery Ho jaati Hai fast delivery hoti hai isliye kahin jaane ka man bhi nahin karta hai bada achcha app Hai yah course mein product bhi bahut acche bikte Hain bahut acche sulphur what is my discount bhi bahut acche acch,2026-05-14,Zepto
Nilam Chowdhury,5,good service👍,2026-05-14,Zepto
Laxman Yadav,4,good service,2026-05-14,Zepto
Test,1,very bad expropriation with zepto I ordered items and it was showing 10 mins and waiting for 1 hr but still it showing 10mins very bad,2026-05-14,Zepto
Nikhil Mathur,5,good deliver,2026-05-14,Zepto
Rohaan Singh,1,Zepto sucks you should enable refund/replacement it's basic customer satisfaction service at least a 7 days policy should be given to the customer absolute shiiity app deleting today like customer can't just regrets after buying the product.,2026-05-14,Zepto
Sandip Jain,1,hending fees batata hai ky,2026-05-14,Zepto
Nuska Nuska,5,good app,2026-05-14,Zepto
Gourav Soni,5,good,2026-05-14,Zepto
Shanu Sarkar,1,very very very bad app 😕,2026-05-14,Zepto
Suhail Muniri,5,bahut achcha ho jata Inka bahut bas fast service hai,2026-05-14,Zepto
venkata sai,1,"I ordered an item and I received the incorrect item. I wanted to return it. however the option refund to zepto wallet is preselected and I cannot select the refund option ""refund back to source account"" as it is disabled. while trying to use the chat option, it is useless bot replies. we cannot talk to a human where we can explain our issue. the lack of live customer support is frustrating, user have nowhere to go in case of issue. worst experience.",2026-05-14,Zepto
Kavita Shukla,5,it's a very fast service.,2026-05-14,Zepto
yashvi Shah,1,because even in one minute if we want to cancel order they have given no option as to take compulsory,2026-05-14,Zepto
chhavi satwalekar,1,bad services ...they don't send free items along with the odrs which they are advertisng and when u complain instead of resolving issue say will look into it in future,2026-05-14,Zepto
Kalpit Agarwal,1,"The overall experience is not that satisfied not in application level but service level, the order shows 10 minutes from past 40 minutes but still order is not even out for delivery, this is not just one instance but every time even trying to raise complaint just takes me to bot which just gives pre-feeded responses gonna stop using it.",2026-05-14,Zepto
Shubham Maity,2,Takes a long time for redressal and no proper support,2026-05-14,Zepto
Cutie9898,5,zepto best best 👌 👍,2026-05-14,Zepto
Md Saddam Hussain,1,"Is there no customer service on Zepto? I emailed them, but it’s been almost 1 month and there’s still no response. At least give me the refund. Even after the products were picked up successfully, it’s still showing “return failed.”",2026-05-14,Zepto
anurag kumar,1,unable to login after installing the app. even though clear cache but that does not help.,2026-05-14,Zepto
Pramod Pammi,5,good,2026-05-14,Zepto
Shoba rani shoba rani,5,fresh grocery app the best app that all must deserve it,2026-05-14,Zepto
bharti yadav,1,they have very poor service. do not order any electric item as they do not take return or replace the defective product at all. customer care only give auto generated reply.,2026-05-14,Zepto
Pankaj Yadav,5,good,2026-05-14,Zepto
Lakshay Goyal,1,worst app don't order or you will repent,2026-05-14,Zepto
bandana devi,3,nice app,2026-05-14,Zepto
JITENDAR VERMA,1,"not option to cancel order, my cod options also block and the timing is to much late showing 45 min blinkit is best zepto is bad experience 👎",2026-05-14,Zepto
Girijaa Allam,1,"seriously, idk what is zepto up to iam never gonna order fruits or vegetables from zepto now on all the fruits are rotten and this is the 3rd thime.why don't you respond if somebody's complaints what's wrong with you?",2026-05-14,Zepto
Vaishnavi Boora,5,nice keep it up,2026-05-14,Zepto
Sunderam Pandey,5,samay per delivery dene ke liye dhanyvad,2026-05-14,Zepto
Saurav Singh Rajput,5,good 👍🏻,2026-05-14,Zepto
Ishika Singh,5,best app for groceries,2026-05-14,Zepto
Sumit Sharma,1,"I ordered a different product, but the wrong item was delivered to me due to your delivery partner’s mistake. Now your team is not even accepting the return of the item I received. This is extremely disappointing and unacceptable. I want an immediate return pickup and full refund for my order.",2026-05-14,Zepto
Ajay kumar,1,"I don't have the option to give minus stars if I had I may have given -1000 Stars. I ordered some ingredients to make Chinese noodles but I didn't receive it instead i received a big green chilli sauce bottle that I don't consume. and when I had a chat with the customer support they don't really see your concern.they just tell you what they have to. instead Blinkit is Good,i have never face any issue with them.they just have an over priced items.",2026-05-14,Zepto
Tabassum Mulla,4,good job 👍,2026-05-14,Zepto
Sneha,5,nice,2026-05-14,Zepto
Imran Ali,5,very happy with your service. keep doing the good work 👍,2026-05-14,Zepto
MOHD RAYEES KHAN,5,nice,2026-05-14,Zepto
Nishu Aryan,1,Today (14 May 2026) I have ordered a few items worth around 700 in the order there were two packets of 1L verka milk . After some time when I tore the packets both the milk packets were curdled. I tried to register a complaint on the app the app used for a picture of the curdled milk. and now when I am trying to upload the picture the app goes full white screen or the app restarts by itself. I tried multiple times to do this but I failed all the time. Now how can I trust this app again.,2026-05-14,Zepto
Baljeet Latala,5,"great service, fast delivery",2026-05-14,Zepto
Sana Sana,5,nice,2026-05-14,Zepto
Kanti R R,1,okk,2026-05-14,Zepto
Sethuuu,5,good,2026-05-14,Zepto
Saba Khan,1,🙂‍↔️,2026-05-14,Zepto
ayaz sha,1,very bad experience with zepto customer support I actually order 1.34pm now time is 5.25 p.m. now also it was showing your order will be receiving in 20 minutes customer support always saying your order will be in 5 minutes 2 minutes 1 minute I don't want to use anymore this application I have very bad experience,2026-05-14,Zepto
Nagaraj chilaka,5,good app for daily house hold items,2026-05-14,Zepto
Selfie Dey,1,"First of all , they are Mention that No delivery charges & no hidden charges. But, After two months of ordering, they are taking a handling charge of 40 rs. on any amount order. 🤬🤬 Same like jio concept 😄😄",2026-05-14,Zepto
Nasreen Begum,5,excellent 💯👍,2026-05-14,Zepto
Ajay Gaikwad,3,good job,2026-05-14,Zepto
Mudassir,1,I have missing items in my order but I don't get a revert back from zepto side,2026-05-14,Zepto
Vijay Patel,3,everything is good in the app. but I observed different minimum order value to eligible free delivery; eventhoygh at same place and same time. for me it's 199/- while for my neighbor it's 99/- only. I also reinstalled the app but still no change.,2026-05-14,Zepto
Gaming Sio,5,"Phenomenal app. Phenomenal people, doing great work!!! So handy of an app. Great work!!! Appreciate it!!! Keep it up!!! The UI is also so damm good guys, i just feel like scrolling. Really great app as well!!!",2026-05-14,Zepto
nixon antony,1,right now I got rotten onions and it's very bad smell,2026-05-14,Zepto
Sajan Kumar,1,App malfunction a lot and most of the time payment gets delayed or rejected.,2026-05-14,Zepto
Manan Malkan,1,why why why zepto you don't give cash on delivery pls pls pls give cash on delivery,2026-05-14,Zepto
Gautam GD,5,awesome app and super discount,2026-05-14,Zepto
Zainabfathima Khan,5,"it's a very nice app. in emergency and also it contains more Exciting offer, discounts. I just love this app so much. day by day it's very helpful for me",2026-05-14,Zepto
belgin baby,1,"Extremely disappointed with Zepto’s service. Ordered a big watermelon during summer,but it was completely rotten inside with a pungent smell. Shared proper photo and video proof immediately,yet they refused both refund and replacement,simply saying it passed their quality check. How can anyone check the inside condition of a watermelon before cutting it? Customers shouldn’t bear the loss for poor quality products. Zepto’s service and product quality,especially fruits and vegetables,have declined",2026-05-14,Zepto
shivakumar JM,1,received low quality and damaged fruits and vegetables never buy from here even price high. buy from local shop for fresh vegetables and fruits,2026-05-14,Zepto
Harsh Rawat,5,good,2026-05-14,Zepto
Arohi Kamble,4,👌,2026-05-14,Zepto
M Rasool,5,good,2026-05-14,Zepto
Sayeda Taslim,3,my cash was disabled,2026-05-14,Zepto
Virat Gupta,5,best app for refund,2026-05-14,Zepto
pooja Saharawat,1,apki costumer care service bohot ghtiya h koi product khrab aa rha h puri formality krne pr bhi upload nhi ho rha.,2026-05-14,Zepto
Vedant Konde,5,super fast,2026-05-14,Zepto
Md Zeyaullah Aajam,5,Best Price,2026-05-14,Zepto
Neelakshi Billowria,1,i ordered the chocolate cake and i recieved the caramel crunch cake. they are very careless,2026-05-14,Zepto
pradeep kumar,5,excellent service,2026-05-14,Zepto
Vinod Tamta,1,It is very baad app,2026-05-14,Zepto
Vijay Bramhankar,4,nice app & fast delivery 👌,2026-05-14,Zepto
Archna Maan,5,very good service,2026-05-14,Zepto
Malay Mondal,5,"your delivery are you product really good, thank you",2026-05-14,Zepto
Jyoti Rani,1,I hate zepto and its services poor quality of products and also mostly product missing,2026-05-14,Zepto
Nikhil Sachan,5,good i,2026-05-14,Zepto
PREETI PANDEY,5,Good service,2026-05-14,Zepto
Moin Khan,5,great,2026-05-14,Zepto
Subhadeep Mondal,1,"Very bad experience. I ordered a high-cost product but received a completely different and much lower-cost product instead. This feels misleading and unacceptable. On top of that, the protein quantity seems much lower than what was expected or advertised, which is extremely disappointing. I purchased this with certain expectations and ended up receiving poor quality and the wrong item. Very frustrated and dissatisfied with this purchase. Not recommended at all.",2026-05-14,Zepto
Shaikh Farha,5,very good and nice app and very fresh vegetables and grossed,2026-05-14,Zepto
syed irfan,1,"app crashes after payment and they will refund after 7 days i know its not a big deal for rich people but a trouble for BPL and middle class.pls work on payment gateway and even work on the store availability ,after ordering some item's not avaliable and they cancel the order and initiate refund and no customer support . thanx @zepto",2026-05-14,Zepto
Om Mansukh,1,my diet coke was not chilled and I didn't even get refund for that,2026-05-14,Zepto
Sunny Chuahan,5,nice,2026-05-14,Zepto
babu,1,Bad quality product,2026-05-14,Zepto
ANMOL KUMAR YADAV,5,nice 👍,2026-05-14,Zepto
Raj Raj,1,"hending fee 40 rupees all order,not good zepto company",2026-05-14,Zepto
Shivsai,5,good service 👍,2026-05-14,Zepto
Harsh Nirvan,1,FRAUD COMPANY Zepto takes zero responsibility if the item you receive is damaged or spoiled. They will fool you by placing return request but no will ever come.,2026-05-14,Zepto
Ayush,5,excellent performance 💯,2026-05-14,Zepto
ANUMALA MISHRA,5,very fresh item and good quality and fast delivery,2026-05-14,Zepto
Himani,1,"Don’t download this app they send really poor quality products, and more than half the items arrive already opened or with broken seals. I once ordered a large pack of cigarettes and paid the full price for it, but they delivered a smaller pack instead. Even after that, they didn’t refund my money. This is the worst app ever absolutely pathetic service. Never download it. Blinkit and Instamart are much better; use those instead Uninstall this app right now",2026-05-14,Zepto
Sona Barman,1,packaging not good wroten guava delivered,2026-05-14,Zepto
Firdous Khan,5,a very very thank you zepto for all,2026-05-14,Zepto
Shaurya Kapur,5,very nice delivery,2026-05-14,Zepto
Pooja Arya,5,cancel option needed,2026-05-14,Zepto
Priyanka Panday,5,good app,2026-05-14,Zepto
Samrat Pal,5,good,2026-05-14,Zepto
Priya Balasunder,5,excellent,2026-05-14,Zepto
Jay kadam Mr_ kadam _46,5,good,2026-05-14,Zepto
Nazmeen Shaikh,1,fake application,2026-05-14,Zepto
Mohammad Irfan,5,good,2026-05-14,Zepto
Rupali Darvatkar,5,good app,2026-05-14,Zepto
Darsh Doshi,1,Very Bad Experience Does not deliver order within 20 minutes!! My order was for a cheese and it was needed for dinner and yet then the agent cancelled the order. If there was an option for 0 or 0.5 stars I would have rated it. Do not order from this app!,2026-05-14,Zepto
Abdul Rehman Khan,1,"Received sub par quality items multiple times. Have received spoilt curd today, when I raised a return request the pickup person refused as the curd was open. How am I supposed to know that the curd is spoilt without opening it?",2026-05-14,Zepto
Sagar Sharma,5,best delivery best price,2026-05-14,Zepto
Ramesh Yadav,5,good,2026-05-14,Zepto
Kummari Anitha Kummari,5,ok,2026-05-14,Zepto
Saksham Khowala,3,Take too much charge,2026-05-14,Zepto
Anjesh Kumar,5,⭐⭐⭐⭐⭐,2026-05-14,Zepto
yashshree jadhav,1,I have placed order 45 min before but they still showing me 10 min more,2026-05-14,Zepto
Sara,5,"it's very great to Shop with this app with exciting offer and fast delivery, thank you zeptooooooo",2026-05-14,Zepto
Babu Halder,4,good,2026-05-14,Zepto
G k Verma,5,bahut acchi service thi,2026-05-14,Zepto
priyanka pathania,1,I did not receive any call or message regarding my order cancellation. Could you please let me know why my order was cancelled and who authorized it?,2026-05-14,Zepto
Radha Krishna,5,yes the app is very super and the delivery man are so kind,2026-05-14,Zepto
Aishiki,5,satisfied,2026-05-14,Zepto
Vikram Satkoori,5,Very good product's with fastest delivery excellent service.,2026-05-14,Zepto
Alihaider Khan,5,good app best price,2026-05-14,Zepto
Priti More,5,nice,2026-05-14,Zepto
Bharat Prajapat,5,good 👍,2026-05-14,Zepto
Asim Ali Roll No.54,5,app is good genuine delivery and the service is very fast I think app is good,2026-05-14,Zepto
Preeti,5,aap bahut acche Lage recharge karne ke liye thank you bahut shukriya,2026-05-14,Zepto
manish singh,1,cheaters....they don't have calling facilities in emergency case and AI chat didn't resolve the problem accordingly. even if they don't reply if you mail zepto.,2026-05-14,Zepto
Pari Saini,5,nice,2026-05-14,Zepto
Anuj Malik,5,Great and low price app,2026-05-14,Zepto
Sampath Sam,5,very good,2026-05-14,Zepto
Clement Ben,5,good delivery,2026-05-14,Zepto
Shivam Nagar,5,very nice aap 😊,2026-05-14,Zepto
Dangeti Srinivas Rao,5,better for zepto compared to other online service,2026-05-14,Zepto
Shashi Gauatm,5,ice cream bhot achi thi wow,2026-05-14,Zepto
PEHNAWA #pehnawaco,1,I am facing lots of problems to connect customer care there is no option to connect them and I am facing lot of problems connected me immediately become I have to do payment of paylater if is get any problem for credit score I will file composition on zepto call immediately now and solve my problem,2026-05-14,Zepto
Aneet Jaiswal,1,very poor service by zepto not even anyone is responding regarding replacement of my product,2026-05-14,Zepto
Simhadri Kotilingala,5,all good,2026-05-14,Zepto
Sherya Kumari,5,best product,2026-05-14,Zepto
Tilak Nishad,5,welcome 🤗,2026-05-14,Zepto
Vinod Raut,3,not serving chilled juice,2026-05-14,Zepto
Bhagya Lakshmi,5,very good,2026-05-14,Zepto
Vishal Meni,5,happy,2026-05-14,Zepto
MUKESH BHATT,1,product is misiing from the package totally money waste and don't give my money back wrost app I requested you to all pls don't order from this app Or you will regert later thanks..,2026-05-14,Zepto
Sonali Sinha,1,"one of the worst app ever , they dont have customer support team, on chat they replt after one hour. they deliver item to another flat no then they dont pick up the call",2026-05-14,Zepto
๛亗 DBR 亗๛,1,"The worst grocery delivery app, every time delivering rotten vegetables and also if ordered 1kg quantity i am receiving 800 grams to 900 grams only, and customer support was ridiculous no one cares, worst experience.",2026-05-14,Zepto
Shiv Kishor,5,v.good delivery partner and aap,2026-05-14,Zepto
Kesav M,1,Beware they sell spoiled/curdled milk and fail to acknowledge it! (Edit: Sent an email to their customer care and got a stupid reply!).,2026-05-14,Zepto
MURTHY S,5,"cheaper that Blinkit or Instamart because as of May 2026, they don't have handling, small cart or delivery charge like the other platforms",2026-05-14,Zepto
NIRMALA RAVI,5,Good and fast delivery. Good discounts also.,2026-05-14,Zepto
Begari Abhishek,1,"I have ordered some food in zepto cafe and the food i received is not edible I contacted the support they were arrogant, and i am stupid enough to keep faith on zepto, never expected, shame on you zepto, I know zepto will remove this review and block me but thank you zepto for giving your customers highest priority.",2026-05-14,Zepto
Aaryan,1,i ordered an ice cream tub and it delivered melted and fell in polythene also and I did help chat and they didn't give me refund they refused for it,2026-05-14,Zepto
Rajal Jain,5,"Timely service.. N customer friendly.,I wish zepto keep improving..n provide excellent service..n stay ageaf",2026-05-14,Zepto
BHAGARAM Chhogaram Patel,5,गुड,2026-05-14,Zepto
Potnuri Paparao,1,my produced is damaged and the customer care is not working fine,2026-05-14,Zepto
Aman Chauhan,1,"I writing to raise a serious complaint regarding the extremely poor quality tofu packets delivered through Zepto on 12 May at around 8:00 PM. I had ordered 6 packets of tofu, but after consuming the product, I started suffering from severe loose motion and vomiting. The quality of the tofu was absolutely unacceptable and appears unsafe for consumption. This is highly irresponsible from both the seller and Zepto’s side. As a customer, I trusted your platform to provide properly verified and safe",2026-05-14,Zepto
Bishnupriya Nayak,5,good,2026-05-14,Zepto
Malika kaur,1,ye log achaa behave nhi karte hai order me kuch bhi add karke le atee hai,2026-05-14,Zepto
Johon Jamatia,1,"Awful. No accountability of delay in delivery. In multiple instances, I had to wait for hours. Even then some times it get cancelled.",2026-05-14,Zepto
Ashwini .k,5,nice,2026-05-14,Zepto
Himanshu yadav,5,good,2026-05-14,Zepto
Pankaj Arora,3,minimum 99rs ka order honea chahiye 199ya 149ka nahi,2026-05-14,Zepto
Udhay Mekala,1,received dry coconut bonda,2026-05-14,Zepto
Bhavana Rathod,5,Thank zepto,2026-05-14,Zepto
R S,5,Better than blinkit 💯,2026-05-14,Zepto
Pratibha Khanna,1,this app best for only household products...but do not order dairy products from this because I am facing issues with every milk order.... after receiving order I boiled milk then milk curdled and zepto not refunded because they said expiry date available.... but me any my society friends faces same issues with zepto....but zepto always denied refund....So do not ordered milk from zepto.,2026-05-14,Zepto
Babita chouhan,5,good work 👏,2026-05-14,Zepto
Shahid Iqbal,5,Good service,2026-05-14,Zepto
zeba parveen,5,give lots of offers .....which is good delivery fast,2026-05-14,Zepto
Md idris Khan,1,"terrible experience using zepto there is no option for cancellation and I have ordered 3 times in all that 3 ,item's were missing please never ever use this app u will regret it use blinkit instead it's far better than this app.",2026-05-14,Zepto
Bru Tutu,5,👍,2026-05-14,Zepto
Parth Sagar,1,"delayed service, didn't bring me things on time",2026-05-14,Zepto
K Vijaya,5,service is good. good return options also if quality is not good.,2026-05-14,Zepto
Zuki N,1,frozen products carelessly delivered.. thawed products and melted ice cream..on raising an issue on platform the exec said it's products company issue and they can't do anything about it. what sort of irresponsible behaviour is this. if you are unable to store and deliver frozen products properly..then you should stop dealing in them completely.. utter rubbish response from help desk and irresponsible behaviour,2026-05-14,Zepto
Darsh Chitragar,4,it should be 24/7,2026-05-14,Zepto
Noor Shidiqi,5,best application,2026-05-14,Zepto
kalyan mondal,5,Great,2026-05-14,Zepto
Nainesh Chauhan,5,"good prices, fast delivery and many options of products",2026-05-14,Zepto
Arjun Solanki,5,zepto best all item's available go order an on time deliver thnks zepto 👍🙌,2026-05-14,Zepto
sonu kumar,5,"“Zepto ka experience honestly bahut accha raha. Delivery bahut fast hoti hai, offers aur discounts bhi kaafi useful rehte hain. Sabse acchi baat inki customer service hai. Mujhe ek order me issue hua tha aur inhone bina kisi problem ke bahut jaldi refund de diya. Support team bhi fast response karti hai. Overall service kaafi impressive lagi. ⭐⭐⭐⭐⭐” Thanks Zepto Your Favourite Customer 👍",2026-05-14,Zepto
Koushik shetty,5,ok,2026-05-14,Zepto
gunjan Negi,5,customer care best support Payal Ghosh,2026-05-14,Zepto
Dev 6969,1,I use to love zepto but they removed all coupons from my pincode. other apps offer more gotta turn to instamart then bye,2026-05-14,Zepto
Dhana lakshmi,5,prices are little less,2026-05-14,Zepto
Sandhya B,1,I faced challenge with delivery person he said I cant able to delivery the product after order I didn't get my refund balance also and delivery person also very rude behaviour. I faced bad experience with zepto,2026-05-14,Zepto
Ranjeet Singh,5,nice help full,2026-05-14,Zepto
Brijesh Dobariya,5,please add an actual GPS tracking and real timing for reach to destination,2026-05-14,Zepto
Morning Star,5,perfect timing and helped in urgency...,2026-05-14,Zepto
Sandhya Mamidishetty,1,"bad quality products are delivered repeatedly , bad customer support, rude behavior with customer",2026-05-14,Zepto
Anil Bhatnagar,1,Third class . I ordered vegetables but all were in very bad . even there help section is very bad. The total is waste of money only. Don't even try this app.,2026-05-14,Zepto
Syeda Banu,5,Good Quality So nice Thank you Zepto,2026-05-14,Zepto
Sweety Sashidharan,1,Horrible...kept delaying and never put me to an agent..AI standard response for 45 minutes...,2026-05-14,Zepto
Manoj Kumar. S,5,thank you zepto I love this app 🤗,2026-05-14,Zepto
SONU BABA,5,nice,2026-05-14,Zepto
MOHAMED J,5,good job,2026-05-14,Zepto
kuppusamy mudaliar Rajendran,5,excellent,2026-05-14,Zepto
Akhilesh Kumar,5,good,2026-05-14,Zepto
Vikaash Singh,5,good service zapto,2026-05-14,Zepto
Siva Muthuraman,5,good,2026-05-14,Zepto
ROHIT Kumar,1,Good,2026-05-14,Zepto
Priya M,1,"Very disappointing experience with Zepto. I received an ice cream order in completely damaged condition with the cover already open and the product leaking. Even after reporting the issue immediately with proof, customer support kept asking only to send emails and later denied the complaint saying the order was delivered properly. Poor handling, poor customer support, and no proper resolution provided.",2026-05-14,Zepto
Krishna Choudhari,1,Main jab es ap sa kuchh order kiya tha main bhukha tha Lekin inhone 5 minute bolkar ka 1 hours wait karvaya aur fir bhi yah log order delivery nahin Kar paye mera location Ahmedabad gota hai Koi kam ka yah app nahin hai aaj main bhukha so raha hun inki vajah se bahut hi ghatiya service bahut hi bekar hai,2026-05-14,Zepto
uday mishra,1,very legi,2026-05-14,Zepto
Lakshmi,5,good super 👌 thanks you so much,2026-05-14,Zepto
Hussain Ghaniwala,1,worst delivery app asked me to wait for 16 min after that the time stopped at 8 min then they asked me to wait for more 10 min after that oder got canceled automatically the worst food delivery app ever highly not recommendable,2026-05-14,Zepto
Vinayak Bhardwaj,2,Customer service is Very Poor!,2026-05-14,Zepto
Praveen Kumar,5,best,2026-05-14,Zepto
Bilal Rajput Mundali,5,delevery boy is so good and polite person,2026-05-14,Zepto
Cifali Lata,1,Worst ever app mostly the cart will be unserviceable most of the items will be out of stock products will be marked as delivered without the completion of delivery,2026-05-14,Zepto
Devika rajgadkar,5,fast and good delivery,2026-05-14,Zepto
Zoya Khan,1,this app is becoming worst day by day just got my 1500 stuck in this aap n now I get get my refund cause they said we can't do anything cause 24hts have passed .... oh dude u didn't do anything when I tried 5 time in 24 hours just poor coordination really disappointed,2026-05-14,Zepto
sheerin sheerin,1,ras malai sweet கெட்டு போனதை தருகின்றார்கள் sweet எப்போதும் கடைக்கு சென்று வாங்குவது நல்லது,2026-05-14,Zepto
Prince Roy,5,so beautiful and so smart aap 😍,2026-05-14,Zepto
Sourav Singha,5,good 👍,2026-05-14,Zepto
Deepak Kumar,5,good 👍 product service good 😊,2026-05-14,Zepto
Syed Ali faez Askari,1,"Pathetic Service and Order is getting cancelled after more than 90 minutes of ordering !! pathetic Service, fraudulent company and poor Services where most of the times Some of the Delivered items are either missing or Poor in condition.",2026-05-14,Zepto
Sunil Baroliya,4,love it 🤩,2026-05-14,Zepto
Jobin Fernando,1,worst app. always delay order or cancel order without reason,2026-05-14,Zepto
Shama Yousaf,5,best best,2026-05-14,Zepto
Sampathkumar R K,1,on tim food west,2026-05-14,Zepto
Akshay Pote,1,I'm leaving this comment out of frustrations and expectations. After an hour of talking with the support agent and bots i didn't get any solution. And after all this what I did get is repeated responses about the order is on the way and no consequences. I hope I get some explanation on this issue as this caused a major breakdown in my group.,2026-05-14,Zepto
Shaik Ayaan,3,late delivery,2026-05-14,Zepto
Sachin Panchal,5,very nice 👍 thanks,2026-05-14,Zepto
Pankaj Garg,1,pathetic service they claim 10 minute service but they dosent order at time even they dosent deliver in 20 minutes and when we need help for order they setup some ai they send same message so what was the benefit from ordering in that 20 minutes in go myself take out and eat it too pathetic service,2026-05-14,Zepto
Vivaan Zaveri,1,I ordered my things and the delivery driver refused to give the order to me and the agent also can't do anything. Do not trust this app they are here to scam you they will just provide a coupon with the least discount on any product. Do not ever order from this app this can also happen to you. The worst delivery app ever. A very poor experience it will give you.,2026-05-14,Zepto
ROHIT NEGI,5,nice,2026-05-14,Zepto
Ganesh Rathod,1,bad sarvice,2026-05-14,Zepto
kumar Rathod 143,5,good,2026-05-14,Zepto
K A J A L,1,order delay issue 😕😞,2026-05-14,Zepto
Shekhar Sowjanyain,5,super,2026-05-14,Zepto
Divyanshi Agarwal,1,the customer service is the worst out of every platforms....they just don't understand the issue....and have automated replies to all.... pathetic services,2026-05-14,Zepto
Shwet Nagargoje,5,good,2026-05-14,Zepto
Rehana Saiyed,5,good experience,2026-05-14,Zepto
shakuntala Singh,5,it's good app and helpful delivery boy,2026-05-14,Zepto
Parshuram Das,1,worst app I have ever used till now,2026-05-14,Zepto
Kosar Kubra,5,good zepto,2026-05-13,Zepto
Inder Raj,5,great job dear brother,2026-05-13,Zepto
Koushik Podder,1,"Some delevery boy is very rough. I live in third floor. The delevery boy call and order me to carry my order from him on ground floor. when I ignore him, they dropped my order as return without asking me. Till then my COD option is inavailable. It's very bad experience. Please ignore this app to order at night.",2026-05-13,Zepto
Ayush Wadhawan,1,Delivery partners are the worst and queries are never handled by customer care just message by Robot. Product never returned or nor refund initiated,2026-05-13,Zepto
Pooja,2,send rotten vegetables and used products,2026-05-13,Zepto
Priyanka Jain,5,good,2026-05-13,Zepto
Mepu Gadi,1,Zepto is all scam . If i could i would have rated zero . worst app ever,2026-05-13,Zepto
Vansh Sharma,5,good test,2026-05-13,Zepto
Sudip Sil,1,"Very bad delivery experience, orders will not be delivered even after 30 mins in normal conditions, and sometimes they'll even cancel without giving any reason. Product quality is highly unreliable, you may receive a damaged and unusable product but don't expect any resolution. They'll ask you to accept the damaged product. Very very pathetic customer support - no transparency at all, no channel for escalation, no helpline number etc. This is the most undependable E-commerce in the market today!",2026-05-13,Zepto
Deepak Kumar,5,good wah wah kya baat hai,2026-05-13,Zepto
Manchan Kumar,5,good,2026-05-13,Zepto
Shumaila Ansari Ansari,5,good 👍,2026-05-13,Zepto
Muneer Basha,5,very good app,2026-05-13,Zepto
Akash Pawar,4,best rates available,2026-05-13,Zepto
Sahil Mutreja,1,"worst customer support experience ever, I have the screenshots and they are so lucky that I cannot add the screenshots",2026-05-13,Zepto
swarup sarkar,5,good,2026-05-13,Zepto
Evil Genius,1,Fraud App selling incorrect products even after complaints,2026-05-13,Zepto
syed Alishama,4,mangose ok type test,2026-05-13,Zepto
Soma Sundaram,1,I placed more than 1000 rupees in the zepeto they didn't even pack my my order . it's about four hours and they simply cancelled my order and didn't even refunded my money its my worst experience from the zepeto and I uninstalled it,2026-05-13,Zepto
SOFIA SEN,1,This is completely scam. I have placed ordered and paid in faith that each single item will be delivered to my house. But few items are missing and now your agent is saying it is delivered. what kind of harassment is this ?,2026-05-13,Zepto
Mani Mathu,1,milk products waste,2026-05-13,Zepto
Alakiya Hanif,5,super 😊,2026-05-13,Zepto
Harshith,1,tmc I'm receiving otps from your app without loging in remove my number bludy fools u r all doing scam I'm receiving bunch of otps back to back,2026-05-13,Zepto
Gaurav Raut,1,easy to order but not supply fast and her stock was incomplete,2026-05-13,Zepto
Shekhar Koli,5,it's wow 🤩,2026-05-13,Zepto
Mohammed Nowmaan,5,excellent super,2026-05-13,Zepto
MJSKumar Mullapudi,1,very very worst service. I ordered a remote car but it was not working properly so connected with customer care he didn't take a return request.My order delivery after 2 hrs.,2026-05-13,Zepto
Akshay Shukla,1,Delivery person doesn't gets assigned for hours.,2026-05-13,Zepto
Yathish,1,"Worst customer support once you purchase something they wont accept it back even if there is an issue with the purchased product may it be rotten eggs, vegetables etc, their bot support will always tell the item is fine and is not eligible for refund.",2026-05-13,Zepto
Tahseen Khan,1,worst delivery experience ever had. I live near zepto warehouse. also the warehouse is so dirty I've seen with my own eyes and everyday I pass by. the help system is no use no support no cancellation no response its been an Hour waiting for the order the AI bot still says 8 minutes. I don't know what audacity is there. BLINKIT delivered in 8 minutes what it said. shame on you guys,2026-05-13,Zepto
Vashan Singh,1,"fraud...I ordered product. but not received. showing delivery done. calling delivery guy, not responding. neither customer care. shameless",2026-05-13,Zepto
Karan Bohara,1,The one who just went into the ice cream shop is a total wreck. Your service is very poor.,2026-05-13,Zepto
Komal Trivedi,5,nice online shop,2026-05-13,Zepto
Karthik GaneshPriya,1,"Customer service is worst to the core. Received substandard milk product which curdled immediately. Raised it as a concern and got a reply that they can't control temperature, what a beautiful reply?..... zero stars definitely works.",2026-05-13,Zepto
